Job Title,Company Name,Location,Job Skill,Date,Link
SAP CPI Developer,Quantum Digital -,"Cairo, Egypt",Work From HomeExperienced  5 - 9 Yrs of Exp  IT/Software Development  ABAP  API  CPI  SAP,3 days ago,https://wuzzuf.net/jobs/p/XdNII4H62Iqe-SAP-CPI-Developer-Quantum-Digital-Cairo-Egypt?o=16&l=sp&t=sj&a=None|search-v3|hpb
HR Recruiter,citPEAK -,"Nasr City, Cairo, Egypt",Full TimeExperienced  2+ Yrs of Exp  Human Resources  Recruitment  Human Resources (HR)  HR  Recruiter  English  hr recruiter  Microsoft Office  Communication,3 days ago,https://wuzzuf.net/jobs/p/B5mKhiwEIgcm-HR-Recruiter-citPEAK-Cairo-Egypt?o=17&l=sp&t=sj&a=None|search-v3|hpb
Senior Node JS Developer,Evolvice GmbH -,"Cairo, Egypt",Full TimeExperienced  4 - 7 Yrs of Exp  IT/Software Development  Engineering - Telecom/Technology  NodeJS  Js  RESTful APIs  JavaScript  Unit Testing  Software Development,3 days ago,https://wuzzuf.net/jobs/p/RKDG6hoTu0KJ-Senior-Node-JS-Developer-Evolvice-GmbH-Cairo-Egypt?o=18&l=sp&t=sj&a=None|search-v3|hpb
Operations Executive Leader,WebBeds -,"Nasr City, Cairo, Egypt",Full TimeExperienced  3 - 5 Yrs of Exp  Customer Service/Support  Operations/Management  Tourism/Travel  Communication  Customer Support  Customer Service  Operations  Tourism  Travel,4 days ago,https://wuzzuf.net/jobs/p/mWCTU2adTWyj-Operations-Executive-Leader-WebBeds-Cairo-Egypt?o=19&l=sp&t=sj&a=None|search-v3|hpb
Assistant Professor/Lecturer in Computer Science,El Sewedy Education - The Knowledge Hub Universities -,"Cairo, Egypt",Full TimeExperienced  3+ Yrs of Exp  Education/Teaching  Computer Engineering  Education  Cloud Computing)  High Performance Computing,5 days ago,https://wuzzuf.net/jobs/p/MmnN4zE5f5Kq-Assistant-ProfessorLecturer-in-Computer-Science-El-Sewedy-Education---The-Knowledge-Hub-Universities-Cairo-Egypt?o=20&l=sp&t=sj&a=None|search-v3|hpb
Technical Talent Acquisition Specialist,Jobtology -,"New Cairo, Cairo, Egypt",Freelance / ProjectExperienced  4 - 5 Yrs of Exp  Human Resources  Human Resources (HR)  English  Sourcing  Recruitment  Talent  Talent acquisition  Talent Sourcing  Communication skills  Recruiting,6 days ago,https://wuzzuf.net/jobs/p/kCr8P8lLLXB0-Technical-Talent-Acquisition-Specialist-Jobtology-Cairo-Egypt?o=21&l=sp&t=sj&a=None|search-v3|hpb
Testing Team Leader,ISFP -,"Smouha, Alexandria, Egypt",Full TimeManager  4 - 6 Yrs of Exp  IT/Software Development  Quality  Engineering - Telecom/Technology  Testing  Software Development  Automation  Computer Science  Information Technology (IT)  Software  Agile,18 days ago,https://wuzzuf.net/jobs/p/uxbb7NMt3MDA-Testing-Team-Leader-ISFP-Alexandria-Egypt?o=22&l=sp&t=sj&a=None|search-v3|hpb
L3 Support Analyst (SQL/APIs) Fluent English Speakers Only,FlairsTech -,"Cairo, Egypt",Full TimeExperienced  1 - 3 Yrs of Exp  IT/Software Development  Computer Science  Customer Service  Information Technology (IT)  Linux  Oracle  Engineering  Microsoft SQL Server  SQL  API Development,9 days ago,https://wuzzuf.net/jobs/p/2Z3PsP9RExjw-L3-Support-Analyst-SQLAPIs-Fluent-English-Speakers-Only-FlairsTech-Cairo-Egypt?o=23&l=sp&t=sj&a=None|search-v3|hpb
Software Tester,Worex -,"Maadi, Cairo, Egypt",Full TimeExperienced  2+ Yrs of Exp  IT/Software Development  Quality  Engineering - Telecom/Technology  API  Information Technology (IT)  Software Testing  Quality Control  Software Development  Test Cases  Testing,10 days ago,https://wuzzuf.net/jobs/p/uiQHjGvLcM59-Software-Tester-Worex-Cairo-Egypt?o=24&l=sp&t=sj&a=None|search-v3|hpb
Trade Specialist (Steel sector),Baradah for Construction -,"Giza, Egypt",Full TimeSenior Management  3 - 15 Yrs of Exp  Training/Instructor  Logistics  Supply Chain  Trading  Trade,10 days ago,https://wuzzuf.net/jobs/p/X0plYCxnL0wq-Trade-Specialist-Steel-sector-Baradah-for-Construction-Giza-Egypt?o=25&l=sp&t=sj&a=None|search-v3|hpb
Oracle Database Administrator,Egabi FSI -,"Heliopolis, Cairo, Egypt",Full TimeExperienced  3 - 5 Yrs of Exp  Installation/Maintenance/Repair  IT/Software Development  Engineering - Telecom/Technology  Oracle  Database  Information Technology (IT)  Linux  Oracle Data Guard  SQL  Oracle Database,19 days ago,https://wuzzuf.net/jobs/p/oh6dGqXKXTxk-Oracle-Database-Administrator-Egabi-FSI-Cairo-Egypt?o=26&l=sp&t=sj&a=None|search-v3|hpb
Medical Sales Representative,Servotech -,"New Cairo, Cairo, Egypt",Full TimeEntry Level  1 - 2 Yrs of Exp  Medical/Healthcare  Sales/Retail  Pharmaceutical  Sales  Negotiation  Communication  sales skills  Sales Target  Medical  Medical Sales,13 days ago,https://wuzzuf.net/jobs/p/U5NtIMlGOqgy-Medical-Sales-Representative-Servotech-Cairo-Egypt?o=27&l=sp&t=sj&a=None|search-v3|hpb
Onboarding Specialist,Majorel Egypt -,"Cairo, Egypt",Full TimeEntry Level  0 - 3 Yrs of Exp  Human Resources  HR  Human Resources  Human Resources (HR)  Microsoft Office  Onboarding  Payroll  Recruitment  Recruiter  Onboarding Specialist,11 days ago,https://wuzzuf.net/jobs/p/0lgo62ubB4iB-Onboarding-Specialist-Majorel-Egypt-Cairo-Egypt?o=28&l=sp&t=sj&a=None|search-v3|hpb
Odoo Developer and Consultant,Maastrak -,"Jeddah, Saudi Arabia",Full TimeExperienced  3 - 5 Yrs of Exp  Business Development  IT/Software Development  Business Development  Information Technology (IT)  English  Computer Science  Communication skills,11 days ago,https://wuzzuf.net/jobs/p/lyNu3gNyp5JS-Odoo-Developer-and-Consultant-Maastrak-Jeddah-Saudi-Arabia?o=29&l=sp&t=sj&a=None|search-v3|hpb
Banking Team Leader - Call Center / Immediate Start,Raya Customer Experience -,"6th of October, Giza, Egypt",Full TimeManager  1+ Yrs of Exp  Customer Service/Support  Operations/Management  Communication  sales skills  Selling  Experience  Sales  Telesales  English  Sales Target,20 days ago,https://wuzzuf.net/jobs/p/IFZbDt5yEcfp-Banking-Team-Leader---Call-Center-Immediate-Start-Raya-Customer-Experience-Giza-Egypt?o=30&l=sp&t=sj&a=None|search-v3|hpb
HVAC Technical Sales Engineer,MOSCAR Business Solutions -,"New Cairo, Cairo, Egypt",Full TimeExperienced  2 - 3 Yrs of Exp  Sales/Retail  Engineering - Other  HVAC  Technical Engineer  Engineering  Communication  technical  sales skills  Sales,12 days ago,https://wuzzuf.net/jobs/p/oudbDS9Kvz9e-HVAC-Technical-Sales-Engineer-MOSCAR-Business-Solutions-Cairo-Egypt?o=31&l=sp&t=sj&a=None|search-v3|hpb
Software Quality Engineer,siParadigm Egypt -,"Sheraton, Cairo, Egypt",Full TimeExperienced  2+ Yrs of Exp  IT/Software Development  Quality  Engineering - Telecom/Technology  Software Development  Information Technology (IT)  Computer Science  Jira  Quality  Quality Assurance  API Testing,12 days ago,https://wuzzuf.net/jobs/p/7E3vFEEUdrXW-Software-Quality-Engineer-siParadigm-Egypt-Cairo-Egypt?o=32&l=sp&t=sj&a=None|search-v3|hpb
Senior back-end Developer (Java) on site,ZE LOGIC -,"Dokki, Giza, Egypt",Full TimeExperienced  3 - 10 Yrs of Exp  IT/Software Development  Engineering - Telecom/Technology  JavaScript  Java  Software  Software Development  Software Design  Design Patterns  Design  SQL,13 days ago,https://wuzzuf.net/jobs/p/m0KxLv7EFUJ4-Senior-back-end-Developer-Java-on-site-ZE-LOGIC-Giza-Egypt?o=33&l=sp&t=sj&a=None|search-v3|hpb
QC manager (Toshka),AlGammal Contracting -,"Aswan, Aswan, Egypt",Full TimeManager  10 - 15 Yrs of Exp  males_only  Engineering - Construction/Civil/Architecture  Quality  Engineering - Mechanical/Electrical  QC  Quality Control  Electrical Engineering  quality  Management  Engineering  Software,15 days ago,https://wuzzuf.net/jobs/p/JxGzap02Kxc2-QC-manager-Toshka-AlGammal-Contracting-Aswan-Egypt?o=34&l=sp&t=sj&a=None|search-v3|hpb
Trade Specialist (Clinker and cement sector),Baradah for Construction -,"Cairo, Egypt",Full TimeSenior Management  5 - 7 Yrs of Exp  Logistics/Supply Chain  Logistics  International Trading  Supply Chain  Shipping  business,14 days ago,https://wuzzuf.net/jobs/p/hq0i8GlB3ZfG-Trade-Specialist-Clinker-and-cement-sector-Baradah-for-Construction-Cairo-Egypt?o=35&l=sp&t=sj&a=None|search-v3|hpb
Guest Relations Executive (French & English),OceanAir Travels -,"Cairo, Egypt",Full TimeEntry Level  1+ Yrs of Exp  Customer Service/Support  Hospitality/Hotels/Food Services  Tourism/Travel  Customer Service  Communication Skills  French  Vacancies  Tourism  Travel  English,14 days ago,https://wuzzuf.net/jobs/p/JMig9G5FprxG-Guest-Relations-Executive-French-English-OceanAir-Travels-Cairo-Egypt?o=36&l=sp&t=sj&a=None|search-v3|hpb
Guest Relations Executive (Italian & English),OceanAir Travels -,"Cairo, Egypt",Full TimeEntry Level  1+ Yrs of Exp  Customer Service/Support  Hospitality/Hotels/Food Services  Tourism/Travel  Communication skills  Customer Service  English  Italian  tourism  guest relations  travel,17 days ago,https://wuzzuf.net/jobs/p/FWto2vj6NO7c-Guest-Relations-Executive-Italian-English-OceanAir-Travels-Cairo-Egypt?o=37&l=sp&t=sj&a=None|search-v3|hpb
Sales Engineer,Simplex -,"Nasr City, Cairo, Egypt",Full TimeEntry Level  1 - 5 Yrs of Exp  males_only  Sales/Retail  Engineering - Mechanical/Electrical  Engineering  Manufacturing  Mechanical  Sales  sales skills  Sales Target  Mechatronics  English,17 days ago,https://wuzzuf.net/jobs/p/0uC040a3y5Tx-Sales-Engineer-Simplex-Cairo-Egypt?o=38&l=sp&t=sj&a=None|search-v3|hpb
Supply Planner,Diversey Egypt -,"Heliopolis, Cairo, Egypt",Full TimeExperienced  2 - 5 Yrs of Exp  Logistics/Supply Chain  Logistics  Manufacturing  Supply Chain  Planning,20 days ago,https://wuzzuf.net/jobs/p/l5VYZC4EYLfz-Supply-Planner-Diversey-Egypt-Cairo-Egypt?o=39&l=sp&t=sj&a=None|search-v3|hpb
Technical office Engineer,CONTROL PLUS TRADING -,"Haram, Giza, Egypt",Full TimeExperienced  4 - 6 Yrs of Exp  Engineering - Mechanical/Electrical  Technical Office Engineering  Electrical Engineering  Electrical power  Electrical  Control,19 days ago,https://wuzzuf.net/jobs/p/XD28xyxtssu6-Technical-office-Engineer-CONTROL-PLUS-TRADING-Giza-Egypt?o=40&l=sp&t=sj&a=None|search-v3|hpb
Full Stack Java Developer,Systems Limited -,"Cairo, Egypt",Full TimeExperienced  3 - 5 Yrs of Exp  IT/Software Development  Engineering - Telecom/Technology  Java  MongoDB  MySQL  JUnit  Mockito  Jenkins  spinnaker  Docker,19 days ago,https://wuzzuf.net/jobs/p/fCh2spMNS7DI-Full-Stack-Java-Developer-Systems-Limited-Cairo-Egypt?o=41&l=sp&t=sj&a=None|search-v3|hpb
Finance Operation Specialist,Multi Level Group (MLG) -,"Maadi, Cairo, Egypt",Full TimeExperienced  3 - 6 Yrs of Exp  males_only  Accounting/Finance  Banking  Operations/Management  Analysis  analytical  Communication  Microsoft Office  Operations  Planning  SAP,20 days ago,https://wuzzuf.net/jobs/p/n7YJFlc7yeJj-Finance-Operation-Specialist-Multi-Level-Group-MLG-Cairo-Egypt?o=42&l=sp&t=sj&a=None|search-v3|hpb
Student Information System Specialist,Zewail City -,"6th of October, Giza, Egypt",Full TimeExperienced  2 - 4 Yrs of Exp  IT/Software Development  Information Technology (IT)  Information Systems  Management  SQL  Technical Support  Troubleshooting  Communication  Computer Science  Installation,20 days ago,https://wuzzuf.net/jobs/p/Qe7at2jkkdr7-Student-Information-System-Specialist-Zewail-City-Giza-Egypt?o=43&l=sp&t=sj&a=None|search-v3|hpb
Technical Support Officer,Zewail City -,"Giza, Egypt",Full TimeExperienced  2+ Yrs of Exp  Installation/Maintenance/Repair  IT/Software Development  Engineering - Telecom/Technology  Computer Skills  Microsoft Office  Information Technology (IT)  Communication skills  Software  English  Google Workspace,20 days ago,https://wuzzuf.net/jobs/p/1cVON10due3Y-Technical-Support-Officer-Zewail-City-Giza-Egypt?o=44&l=sp&t=sj&a=None|search-v3|hpb
Technical Sales Engineer,Samoral -,"Smouha, Alexandria, Egypt",Full TimeEntry Level  0 - 2 Yrs of Exp  males_only  Sales/Retail  Engineering - Oil & Gas/Energy  Technical Sales  sales skills  Sales engineer  communication skills  english  Chemical Engineering  Petrochemical Engineering  negotiation skills,24 days ago,https://wuzzuf.net/jobs/p/r5uwyJYePqKW-Technical-Sales-Engineer-Samoral-Alexandria-Egypt?o=45&l=sp&t=sj&a=None|search-v3|hpb
Guest Relations Executive - (German - English ),OceanAir Travels -,"Cairo, Egypt",Full TimeEntry Level  1+ Yrs of Exp  Customer Service/Support  Hospitality/Hotels/Food Services  Tourism/Travel  Customer Service  Communication Skills  French  Vacancies  Tourism  Travel  English,1 day ago,https://wuzzuf.net/jobs/p/eovc3B9ABIlq-Guest-Relations-Executive---German---English-OceanAir-Travels-Cairo-Egypt?o=46&l=sp&t=sj&a=None|search-v3|hpb
IS Support Team Lead,Seoudi Supermarket -,"Sheikh Zayed, Giza, Egypt",Full TimeExperienced  5 - 7 Yrs of Exp  Engineering - Telecom/Technology  Customer Support  Ticketing Systems  Project Management,2 days ago,https://wuzzuf.net/jobs/p/0qzOIwuSQvct-IS-Support-Team-Lead-Seoudi-Supermarket-Giza-Egypt?o=47&l=sp&t=sj&a=None|search-v3|hpb
Brand Manager,Coca-Cola Company -,"Nasr City, Cairo, Egypt",Full TimeManager  5 - 10 Yrs of Exp  Marketing/PR/Advertising  Communication  Branding  Communication skills  Marketing  Marketing Campaigns,3 days ago,https://wuzzuf.net/jobs/p/fKd9ixSzpE58-Brand-Manager-Coca-Cola-Company-Cairo-Egypt?o=48&l=sp&t=sj&a=None|search-v3|hpb
French Onboarding Specialist,Teleperformance - Egypt -,"Cairo, Egypt",Full TimeWork From HomeEntry Level  1 - 20 Yrs of Exp  Customer Service/Support  Human Resources  Human Resources  Human Resources (HR)  Microsoft Office  Onboarding  Recruitment  HR  Communication  Communication skills,3 days ago,https://wuzzuf.net/jobs/p/Yg51CoGXs9Pw-French-Onboarding-Specialist-Teleperformance---Egypt-Cairo-Egypt?o=49&l=sp&t=sj&a=None|search-v3|hpb
Customer Service Agent -Mail & Chat (English Account),Etisalat Egypt -,"Maadi, Cairo, Egypt",Full TimeEntry Level  0 - 10 Yrs of Exp  Customer Service/Support  Sales/Retail  Tourism/Travel  Communication  Communication skills  is,3 days ago,https://wuzzuf.net/jobs/p/TiI4EyzgK71c-Customer-Service-Agent--Mail-Chat-English-Account-Etisalat-Egypt-Cairo-Egypt?o=50&l=sp&t=sj&a=None|search-v3|hpb
German Quality Auditor,Confidential -,"Ain Shams, Cairo, Egypt",Full TimeExperienced  1 - 2 Yrs of Exp  Customer Service/Support  Quality  Auditing  Call Center  Communication skills  german  Microsoft Office  quality  Quality Assurance  Quality Control,3 days ago,https://wuzzuf.net/jobs/p/YLSOQNvLnXdY-German-Quality-Auditor-Cairo-Egypt?o=51&l=sp&t=sj&a=None|search-v3|hpb
ATS T&C Engineer,Alstom -,"Cairo, Egypt",Full TimeExperienced  3 - 4 Yrs of Exp  Engineering - Mechanical/Electrical  Railway  Electrical Engineering  Testing  Commissioning,4 days ago,https://wuzzuf.net/jobs/p/ZvHHiF6LITLn-ATS-TC-Engineer-Alstom-Cairo-Egypt?o=52&l=sp&t=sj&a=None|search-v3|hpb
Technical Writer,DIGITISED -,"Cairo, Egypt",Full TimeWork From HomeExperienced  4 - 5 Yrs of Exp  Writing/Editorial  IT/Software Development  Engineering - Telecom/Technology  Content  Editing  English  Information Technology (IT)  SEO  Software  technical,4 days ago,https://wuzzuf.net/jobs/p/MDiJUGcSSwls-Technical-Writer-DIGITISED-Cairo-Egypt?o=53&l=sp&t=sj&a=None|search-v3|hpb
Sales Account Manager,Target Integrated Systems -,"Maadi, Cairo, Egypt",Full TimeExperienced  2 - 6 Yrs of Exp  Business Development  Sales/Retail  CRM  account manager  Sales  Sales Target  sales skills  Software,4 days ago,https://wuzzuf.net/jobs/p/kYrpPkVD4KIr-Sales-Account-Manager-Target-Integrated-Systems-Cairo-Egypt?o=54&l=sp&t=sj&a=None|search-v3|hpb
Back Office Agent,Etisalat Egypt -,"Maadi, Cairo, Egypt",Full TimeEntry Level  1 - 2 Yrs of Exp  Customer Service/Support  Customer Service  Customer Care  English  Customer Support  Microsoft Office  immediate hiring,4 days ago,https://wuzzuf.net/jobs/p/IUWbKSbu34Dr-Back-Office-Agent-Etisalat-Egypt-Cairo-Egypt?o=55&l=sp&t=sj&a=None|search-v3|hpb
Internal Auditor,Sky Holding -,"Maadi, Cairo, Egypt",Full TimeExperienced  3 - 5 Yrs of Exp  Accounting/Finance  Quality  Analyst/Research  Accounting  Auditing  Finance  auditor  Financial Analysis  Internal auditor,5 days ago,https://wuzzuf.net/jobs/p/kiJd17DNGyxY-Internal-Auditor-Sky-Holding-Cairo-Egypt?o=56&l=sp&t=sj&a=None|search-v3|hpb
Account Receivable,TRAVCO GROUP -,"Sheikh Zayed, Giza, Egypt",Full TimeEntry Level  1 - 3 Yrs of Exp  Accounting/Finance  Accounting  Accounts Receivable  Finance  Financial Analysis,5 days ago,https://wuzzuf.net/jobs/p/60k5WxBsoxZy-Account-Receivable-TRAVCO-GROUP-Giza-Egypt?o=57&l=sp&t=sj&a=None|search-v3|hpb
PMO Manager,Confidential -,"Cairo, Egypt",Full TimeSenior Management  8 - 12 Yrs of Exp  Project/Program Management  PMO  PMP  Project  Engineering  Project Management  Management,5 days ago,https://wuzzuf.net/jobs/p/Ut3w4CQIIoOD-PMO-Manager-Cairo-Egypt?o=58&l=sp&t=sj&a=None|search-v3|hpb
Process Electronics Engineer,VIVO -,"10th of Ramadan City, Sharqia, Egypt",Full TimeExperienced  1 - 3 Yrs of Exp  males_only  Engineering - Telecom/Technology  Engineering - Mechanical/Electrical  Communication  Electrical Engineering  Electronics  Engineering,26 days ago,https://wuzzuf.net/jobs/p/fbdX52uvenfP-Process-Electronics-Engineer-VIVO-Sharqia-Egypt?o=59&l=sp&t=sj&a=None|search-v3|hpb
Sales Representative - Cosmetics,Confidential -,"Giza, Giza, Egypt",Full TimeExperienced  3 - 5 Yrs of Exp  Sales/Retail  Fashion  Cosmetics  Retail  Sales  sales skills  Sales Target,26 days ago,https://wuzzuf.net/jobs/p/8qZmkOzwWzV3-Sales-Representative---Cosmetics-Giza-Egypt?o=60&l=sp&t=sj&a=None|search-v3|hpb
Financial Auditor,Naguib Selim -,"Nasr City, Cairo, Egypt",Full TimeExperienced  3 - 5 Yrs of Exp  Accounting/Finance  Operations/Management  Analyst/Research  Accounting  Accounting Software  analytical  Auditing  auditor  Computer Skills  Finance,5 days ago,https://wuzzuf.net/jobs/p/SJUsoeFrcoTp-Financial-Auditor-Naguib-Selim-Cairo-Egypt?o=61&l=sp&t=sj&a=None|search-v3|hpb
Customer Service-English account ((Nonvoice)),Etisalat Egypt -,"Cairo, Egypt",Full TimeEntry Level  1 - 13 Yrs of Exp  Customer Service/Support  Customer Care  Customer Service  Customer Support  Experience  is  Sales  English  Fluent English  Mail and chat,6 days ago,https://wuzzuf.net/jobs/p/uilWxmdq5NDZ-Customer-Service-English-account-Nonvoice-Etisalat-Egypt-Cairo-Egypt?o=62&l=sp&t=sj&a=None|search-v3|hpb
Native Developer (Android),Bee Smart Payment Solutions -,"Maadi, Cairo, Egypt",Full TimeExperienced  3 - 6 Yrs of Exp  IT/Software Development  Engineering - Telecom/Technology  Android  Information Technology (IT)  Design  SDLC  Android OS  OOP,6 days ago,https://wuzzuf.net/jobs/p/J9icZpsD14Qa-Native-Developer-Android-Bee-Smart-Payment-Solutions-Cairo-Egypt?o=63&l=sp&t=sj&a=None|search-v3|hpb
HR & Administration Manager,M & A Glass Processing Company -,"6th of October, Giza, Egypt",Full TimeManager  10 - 12 Yrs of Exp  males_only  Administration  Human Resources  Operations/Management  HR  Admin  Social Insurance  Manufacturing  Labor  Administration  Microsoft Office,6 days ago,https://wuzzuf.net/jobs/p/BJyDC9ts836S-HR-Administration-Manager-M-A-Glass-Processing-Company-Giza-Egypt?o=64&l=sp&t=sj&a=None|search-v3|hpb
Back Office Specialist,Etisalat Egypt -,"Maadi, Cairo, Egypt",Full TimeEntry Level  1 - 2 Yrs of Exp  Customer Service/Support  Back Office  #nonvoice  Customer Support  Customer Care  Customer Relations  Hiring  Communication skills,6 days ago,https://wuzzuf.net/jobs/p/ntOuSyriGZAG-Back-Office-Specialist-Etisalat-Egypt-Cairo-Egypt?o=65&l=sp&t=sj&a=None|search-v3|hpb
Collections Manager,Target Recruitment  & HR Solutions  -,"Cairo, Egypt",Full TimeManager  5 - 8 Yrs of Exp  Accounting/Finance  Collection  Finance  English  excel,6 days ago,https://wuzzuf.net/jobs/p/lHH7oS06if6I-Collections-Manager-Target-Recruitment-HR-Solutions-Cairo-Egypt?o=66&l=sp&t=sj&a=None|search-v3|hpb
Call Center Agent - (Medical),Confidential -,"6th of October, Giza, Egypt",Full TimeEntry Level  1 - 2 Yrs of Exp  Customer Service/Support  Customer Service  Communication skills  Customer Support  Customer Care  Call Center  Communication  Problem Solving  Skills  English,6 days ago,https://wuzzuf.net/jobs/p/AH3To0Ba2rlz-Call-Center-Agent---Medical-Giza-Egypt?o=67&l=sp&t=sj&a=None|search-v3|hpb
Change Manager,Confidential -,"Cairo, Egypt",Full TimeManager  8 - 12 Yrs of Exp  Banking  Operations/Management  Change Management  Project Management  Branches  Banking  Digital Banking,27 days ago,https://wuzzuf.net/jobs/p/fMjqx38ewRoD-Change-Manager-Cairo-Egypt?o=68&l=sp&t=sj&a=None|search-v3|hpb
"German Speaking Customer Service Advisor - Relocate to Athens, Greece",Webhelp Greece -,"Athens, Greece",Full TimeEntry Level  Customer Service/Support  Communication  Customer Service  Customer Support  Inbound  Emails  Customer Care  Call Center  Inbound Calls  Support,27 days ago,https://wuzzuf.net/jobs/p/kqdAqw0NNPxF-German-Speaking-Customer-Service-Advisor---Relocate-to-Athens-Greece-Webhelp-Greece-Athens-Greece?o=69&l=sp&t=sj&a=None|search-v3|hpb
Material Engineer (Pipes),AlGammal Contracting -,"Katameya, Cairo, Egypt",Full TimeExperienced  3 - 5 Yrs of Exp  males_only  Quality  Purchasing/Procurement  Engineering - Other  Communication skills  Engineering  Pipes  Management  Infrastructure  Projects  Microsoft Office,8 days ago,https://wuzzuf.net/jobs/p/CMkFWtw7F2uZ-Material-Engineer-Pipes-AlGammal-Contracting-Cairo-Egypt?o=70&l=sp&t=sj&a=None|search-v3|hpb
Compliance specialist,BariQ -,"6th of October, Giza, Egypt",Full TimeExperienced  3 - 5 Yrs of Exp  Other  Quality Assurance  Safety  Science  Compliance  Quality Control,8 days ago,https://wuzzuf.net/jobs/p/xj6qkxWCv6pn-Compliance-specialist-BariQ-Giza-Egypt?o=71&l=sp&t=sj&a=None|search-v3|hpb
Quality Assurance Specialist,Arma Non Food -,"10th of Ramadan City, Cairo, Egypt",Full TimeEntry Level  1 - 4 Yrs of Exp  Quality  Industry  ISO  Manufacturing  QA  Quality Assurance  Science  Microsoft Office  Microsoft Excel  Microsoft Word,14 days ago,https://wuzzuf.net/jobs/p/67nCnqkjOlD6-Quality-Assurance-Specialist-Arma-Non-Food-Cairo-Egypt?o=72&l=sp&t=sj&a=None|search-v3|hpb
Quality Engineer,Chloride -,"Abu Rawash, Giza, Egypt",Full TimeExperienced  3 - 5 Yrs of Exp  R&D/Science  Quality  Engineering - Other  Chemical Engineer  Engineering  QMS  Six Sigma  Quality Control  Quality Assurance  Quality Control Plan,9 days ago,https://wuzzuf.net/jobs/p/3PpPodDb7vvb-Quality-Engineer-Chloride-Giza-Egypt?o=73&l=sp&t=sj&a=None|search-v3|hpb
plastic surgery doctor,Egyptian Saudi co for recruiting to GULF region -,"Dammam, Saudi Arabia",Full TimeManager  10 - 20 Yrs of Exp  Medical/Healthcare  Surgery  MEDICINE  Plastic Surgery,10 days ago,https://wuzzuf.net/jobs/p/VRtiZLGHNk8I-plastic-surgery-doctor-Egyptian-Saudi-co-for-recruiting-to-GULF-region-Dammam-Saudi-Arabia?o=74&l=sp&t=sj&a=None|search-v3|hpb
Accountant,AKM Realestate and construction  -,"6th of October, Giza, Egypt",Full TimeExperienced  2 - 8 Yrs of Exp  males_only  Accounting/Finance  Accounting  Financial Analysis  Finance  Financial  Financial Management  analytical  MS Office  MS  office,10 days ago,https://wuzzuf.net/jobs/p/wERhP9tL6Lr5-Accountant-AKM-Realestate-and-construction-Giza-Egypt?o=75&l=sp&t=sj&a=None|search-v3|hpb
Financial Auditor,Tabarak Holding  -,"New Cairo, Cairo, Egypt",Full TimeExperienced  5 - 7 Yrs of Exp  Accounting/Finance  Accounting  Audit  Auditing  auditor  Certified Internal Auditor  CIA  Finance  Internal audit  Internal auditor,10 days ago,https://wuzzuf.net/jobs/p/JyZXuq08UZiZ-Financial-Auditor-Tabarak-Holding-Cairo-Egypt?o=76&l=sp&t=sj&a=None|search-v3|hpb
Quality Assurance (QA) / Quality Control (QC) Engineer,Alstom -,"Cairo, Egypt",Full TimeExperienced  2 - 5 Yrs of Exp  Quality  Engineering - Telecom/Technology  Engineering - Mechanical/Electrical  quality  QC  Quality Assurance  Quality Control  Engineering  QA  QA/QC,10 days ago,https://wuzzuf.net/jobs/p/S0gMFImTmtJr-Quality-Assurance-QA-Quality-Control-QC-Engineer-Alstom-Cairo-Egypt?o=77&l=sp&t=sj&a=None|search-v3|hpb
Quality Assurance (QA ) Leader,Alstom -,"Cairo, Egypt",Full TimeExperienced  5 - 9 Yrs of Exp  Quality  Engineering - Telecom/Technology  Engineering - Mechanical/Electrical  QA  Quality Assurance  Quality Control  Engineering  Telecommunication  Rails  Railway,10 days ago,https://wuzzuf.net/jobs/p/ECiZZvqNrWr1-Quality-Assurance-QA-Leader-Alstom-Cairo-Egypt?o=78&l=sp&t=sj&a=None|search-v3|hpb
Senior Full Stack Engineer - MERN Stack,Exinitic information technology -,"Giza, Egypt",Full TimeShift BasedExperienced  3 - 5 Yrs of Exp  IT/Software Development  Engineering - Telecom/Technology  MongoDB  MERN Stack  CSS  HTML  MERN  MySQL  JavaScript  Software Development,28 days ago,https://wuzzuf.net/jobs/p/WXsk8M8I2NwM-Senior-Full-Stack-Engineer---MERN-Stack-Exinitic-information-technology-Giza-Egypt?o=79&l=sp&t=sj&a=None|search-v3|hpb
Quality Control Engineer,United Engineering For Construction (UECC) -,"6th of October, Giza, Egypt",Full TimeEntry Level  2 - 4 Yrs of Exp  Engineering - Construction/Civil/Architecture  Architecture  quality,11 days ago,https://wuzzuf.net/jobs/p/ufEM0SmQjkvC-Quality-Control-Engineer-United-Engineering-For-Construction-UECC-Giza-Egypt?o=80&l=sp&t=sj&a=None|search-v3|hpb
Accountant manager,Confidential -,"Maadi, Cairo, Egypt",Full TimeManager  5 - 7 Yrs of Exp  Accounting/Finance  Administration  Accounting  Finance  Financial Management,11 days ago,https://wuzzuf.net/jobs/p/7ehdmNrEg4UD-Accountant-manager-Cairo-Egypt?o=81&l=sp&t=sj&a=None|search-v3|hpb
Quality Assurance Specialist,Alouf Travel -,"6th of October, Giza, Egypt",Full TimeExperienced  3+ Yrs of Exp  males_only  Logistics/Supply Chain  Operations/Management  Tourism/Travel  Quality Assurance  Quality Control,11 days ago,https://wuzzuf.net/jobs/p/hQqIyCYhRmxf-Quality-Assurance-Specialist-Alouf-Travel-Giza-Egypt?o=82&l=sp&t=sj&a=None|search-v3|hpb
Spare Parts Manager,Kasrawy Group -,"Abu Rawash, Giza, Egypt",Full TimeManager  8 - 10 Yrs of Exp  Operations/Management  Sales/Retail  Engineering - Mechanical/Electrical  Spare Parts  Planning  Management  Inventory Control  inventory  Sales  Automotive,11 days ago,https://wuzzuf.net/jobs/p/YZh4apFNWnpJ-Spare-Parts-Manager-Kasrawy-Group-Giza-Egypt?o=83&l=sp&t=sj&a=None|search-v3|hpb
Accounting Receivable Section Head,Confidential -,"6th of October, Giza, Egypt",Full TimeExperienced  7 - 10 Yrs of Exp  Accounting/Finance  Banking  Operations/Management  Computer Skills  Finance  Financial Analysis  Financial Management,11 days ago,https://wuzzuf.net/jobs/p/1sO9fLiioqEV-Accounting-Receivable-Section-Head-Giza-Egypt?o=84&l=sp&t=sj&a=None|search-v3|hpb
Customer Support Representative,La Casa Egypt -,"Sheraton, Cairo, Egypt",Full TimeExperienced  1 - 3 Yrs of Exp  Customer Service/Support  IT/Software Development  Sales/Retail  Arabic  Commerce  Communication  Communication skills  Customer Care  Customer Service  Customer Support,12 days ago,https://wuzzuf.net/jobs/p/YF726wNJeI1D-Customer-Support-Representative-La-Casa-Egypt-Cairo-Egypt?o=85&l=sp&t=sj&a=None|search-v3|hpb
Accountant,Stop & Shop -,"Masr Al Qadima, Cairo, Egypt",Full TimeEntry Level  1 - 3 Yrs of Exp  Accounting/Finance  Accounting  MS Office  excel  Finance  Financial Analysis  Financial Management  Software,12 days ago,https://wuzzuf.net/jobs/p/jFwlFV8WhImY-Accountant-Stop-Shop-Cairo-Egypt?o=86&l=sp&t=sj&a=None|search-v3|hpb
District Manager,Soficopharm -,"Alexandria, Egypt",Full TimeManager  5 - 7 Yrs of Exp  Medical/Healthcare  Sales/Retail  Pharmaceutical  Pharmaceutical  Sales  Pharmacy  OTC Drugs  Vitamins  MEDICINE  Communication,12 days ago,https://wuzzuf.net/jobs/p/48BerP1IODxR-District-Manager-Soficopharm-Alexandria-Egypt?o=87&l=sp&t=sj&a=None|search-v3|hpb
Sales Hunter - West Cairo,DHL Express Egypt -,"Downtown, Cairo, Egypt",Full TimeExperienced  2 - 4 Yrs of Exp  Customer Service/Support  Logistics/Supply Chain  Sales/Retail  Customer Service  Customer Care  Customer Support  Shipment  Logistics  Parcel  Microsoft Office,1 month ago,https://wuzzuf.net/jobs/p/ul74zYg9vWq6-Sales-Hunter---West-Cairo-DHL-Express-Egypt-Cairo-Egypt?o=88&l=sp&t=sj&a=None|search-v3|hpb
"Policy Officer (Training & Events Associate, Egypt Impact Lab)",National Institute for Governance and Development -,"Nasr City, Cairo, Egypt",Full TimeExperienced  4+ Yrs of Exp  Legal  Training/Instructor  Office management  projects  Microsoft Office  Asana  Salesforce  public policy  economics,1 month ago,https://wuzzuf.net/jobs/p/pDCLbx7JkY3Z-Policy-Officer-Training-Events-Associate-Egypt-Impact-Lab-National-Institute-for-Governance-and-Development-Cairo-Egypt?o=89&l=sp&t=sj&a=None|search-v3|hpb
Credit & Collection Team Leader,Confidential -,"Maadi, Cairo, Egypt",Full TimeExperienced  7 - 10 Yrs of Exp  Accounting/Finance  Customer Service/Support  Logistics/Supply Chain  Financial Management  collections  Invoicing  Accounting  Finance  Collection  Logistics,13 days ago,https://wuzzuf.net/jobs/p/8bFKEXL9ejjc-Credit-Collection-Team-Leader-Cairo-Egypt?o=90&l=sp&t=sj&a=None|search-v3|hpb
Senior Development Cash Flow Analyst,The International School of Elite Education -,"New Cairo, Cairo, Egypt",Full TimeExperienced  3 - 5 Yrs of Exp  Accounting/Finance  Finance  Cash Flow  Accounting  Financial Statements  Financial  Financial Analysis  Cash  Transactions  Accounting Software,13 days ago,https://wuzzuf.net/jobs/p/IB0NNXZWKWhd-Senior-Development-Cash-Flow-Analyst-The-International-School-of-Elite-Education-Cairo-Egypt?o=91&l=sp&t=sj&a=None|search-v3|hpb
Senior Consultant - Oracle (Database expert),Efada Technology -,"New Cairo, Cairo, Egypt",Full TimeExperienced  6 - 14 Yrs of Exp  IT/Software Development  Engineering - Telecom/Technology  Computer Science  Information Technology (IT)  Engineering  Project Management  Oracle  Telco  IT landscape  datacenter,13 days ago,https://wuzzuf.net/jobs/p/89W0le46Kcmk-Senior-Consultant---Oracle-Database-expert-Efada-Technology-Cairo-Egypt?o=92&l=sp&t=sj&a=None|search-v3|hpb
Senior Software Quality Control Engineer,Neom Tech -,"Cairo, Egypt",Full TimeExperienced  3+ Yrs of Exp  IT/Software Development  Quality  Engineering - Telecom/Technology  Computer Engineering  Computer Science  Engineering  Information Technology (IT)  ISTQB  REST  Software,13 days ago,https://wuzzuf.net/jobs/p/wjw7EPooXFhb-Senior-Software-Quality-Control-Engineer-Neom-Tech-Cairo-Egypt?o=93&l=sp&t=sj&a=None|search-v3|hpb
Quality Engineer,Confidential -,"Obour City, Cairo, Egypt",Full TimeEntry Level  0 - 2 Yrs of Exp  Quality  Engineering - Mechanical/Electrical  Engineering  Electronics  Electrical  quality,13 days ago,https://wuzzuf.net/jobs/p/gUFZvMPwEdYp-Quality-Engineer-Cairo-Egypt?o=94&l=sp&t=sj&a=None|search-v3|hpb
"Corporate finance, planning, & analysis manager",AlGammal Contracting -,"Katameya, Cairo, Egypt",Full TimeManager  10 - 15 Yrs of Exp  Accounting/Finance  Banking  Analyst/Research  Accounting  Analysis  Corporate  Corporate Finance  Financial Analysis  Financial Management  Planning,14 days ago,https://wuzzuf.net/jobs/p/7CzZZzsLRUcY-Corporate-finance-planning-analysis-manager-AlGammal-Contracting-Cairo-Egypt?o=95&l=sp&t=sj&a=None|search-v3|hpb
School Principal,GEMS Education -,"6th of October, Giza, Egypt",Full TimeManager  5+ Yrs of Exp  Education/Teaching  PYP  American Curriculum  Homeroom  Teaching  Education  IBPYP  School,14 days ago,https://wuzzuf.net/jobs/p/LqD2VUeFD8IR-School-Principal-GEMS-Education-Giza-Egypt?o=96&l=sp&t=sj&a=None|search-v3|hpb
Accounting Manager (Construction Experience ONLY),Confidential -,"Mohandessin, Giza, Egypt",Full TimeManager  10+ Yrs of Exp  Accounting/Finance  Engineering - Construction/Civil/Architecture  Finance  Accounting  CMA  CPA  Financial Management  Financial Analysis  Construction  Auditing,14 days ago,https://wuzzuf.net/jobs/p/feAPXVNf0C4D-Accounting-Manager-Construction-Experience-ONLY-Giza-Egypt?o=97&l=sp&t=sj&a=None|search-v3|hpb
Support Services Director,Dar Al-Fouad Hospital -,"Nasr City, Cairo, Egypt",Full TimeManager  5 - 7 Yrs of Exp  Administration  Hospitality/Hotels/Food Services  Medical/Healthcare  Management  Hospital  Customer Care,15 days ago,https://wuzzuf.net/jobs/p/G0eEUpcjq6Kv-Support-Services-Director-Dar-Al-Fouad-Hospital-Cairo-Egypt?o=98&l=sp&t=sj&a=None|search-v3|hpb
"OPD Manager / Outpatient Manager "" physician""",Andalusia Group -,"Alexandria, Egypt",Full TimeManager  2+ Yrs of Exp  Operations/Management  Medical/Healthcare  Medical  doctor  Outpatient Department  outpatient manager  opd manager,15 days ago,https://wuzzuf.net/jobs/p/wSzAGUFLnyTb-OPD-Manager-Outpatient-Manager-physician-Andalusia-Group-Alexandria-Egypt?o=99&l=sp&t=sj&a=None|search-v3|hpb
Software Developer,eVision -,"New Cairo, Cairo, Egypt",Full TimeExperienced  3+ Yrs of Exp  IT/Software Development  Engineering - Telecom/Technology  Java  Information Technology (IT)  Computer Science  Software Development  SQL  J2EE  Jira  Information Technology,1 month ago,https://wuzzuf.net/jobs/p/IGVDNpcn0CBv-Software-Developer-eVision-Cairo-Egypt?o=100&l=sp&t=sj&a=None|search-v3|hpb
Customer Relations Specialist (Real Estate & Mortgage),Bayt Misr -,"Sheikh Zayed, Giza, Egypt",Full TimeEntry Level  0 - 5 Yrs of Exp  Customer Service/Support  Sales/Retail  Real Estate  Startup  Customer Service  Customer Care  Public Relations (PR)  Sales Skills  English  Customer Relations,17 days ago,https://wuzzuf.net/jobs/p/aMstzaMjaX7Y-Customer-Relations-Specialist-Real-Estate-Mortgage-Bayt-Misr-Giza-Egypt?o=101&l=sp&t=sj&a=None|search-v3|hpb
OPC Field Engineer,Alstom -,"Cairo, Egypt",Full TimeExperienced  5 - 7 Yrs of Exp  Engineering - Construction/Civil/Architecture  Installation/Maintenance/Repair  Engineering - Mechanical/Electrical  Engineering  Installations  LV/MV  Installation  Mechanical Engineering  Electrical  Electrical Engineering,17 days ago,https://wuzzuf.net/jobs/p/5YIuxHjBOmks-OPC-Field-Engineer-Alstom-Cairo-Egypt?o=102&l=sp&t=sj&a=None|search-v3|hpb
Senior Python Full Stack Developer,Premier Services and Recruitment -,"Cairo, Egypt",Full TimeExperienced  4 - 6 Yrs of Exp  IT/Software Development  Full Stack Developer  Python  Software Development  Computer Science  Full Stack  developer,17 days ago,https://wuzzuf.net/jobs/p/DDnEyqosr2i2-Senior-Python-Full-Stack-Developer-Premier-Services-and-Recruitment-Cairo-Egypt?o=103&l=sp&t=sj&a=None|search-v3|hpb
General Accountant,Sermix -,"New Cairo, Cairo, Egypt",Full TimeExperienced  3 - 5 Yrs of Exp  Accounting/Finance  Banking  Accounting  Construction  Finance  Financial Management,17 days ago,https://wuzzuf.net/jobs/p/bO69B6cG9U3d-General-Accountant-Sermix-Cairo-Egypt?o=104&l=sp&t=sj&a=None|search-v3|hpb
Sales Executive,I.D.M Technologies -,"10th of Ramadan City, Cairo, Egypt",Full TimeExperienced  2 - 5 Yrs of Exp  Installation/Maintenance/Repair  Sales/Retail  Engineering - Oil & Gas/Energy  sales skills  Customer Service  Communication skills  Sales Target  Corporate Sales,17 days ago,https://wuzzuf.net/jobs/p/Km1DpBU5vBiu-Sales-Executive-I-D-M-Technologies-Cairo-Egypt?o=105&l=sp&t=sj&a=None|search-v3|hpb
IT Infrastructure Operations Manager,Oriental Weavers -,"10th of Ramadan City, Sharqia, Egypt",Full TimeManager  12 - 15 Yrs of Exp  IT/Software Development  Operations/Management  Engineering - Telecom/Technology  Infrastructure  Communication  Networks  Information Technology (IT)  IT Infrastructure  Computer Science  ITIL,1 month ago,https://wuzzuf.net/jobs/p/dYj6zZ77FZP6-IT-Infrastructure-Operations-Manager-Oriental-Weavers-Sharqia-Egypt?o=106&l=sp&t=sj&a=None|search-v3|hpb
Senior Android Developer (on-site),Union Coop -,"Dokki, Giza, Egypt",Full TimeExperienced  5+ Yrs of Exp  IT/Software Development  Android  Kotlin  Java  Software Engineering  Software Development,1 month ago,https://wuzzuf.net/jobs/p/9UPz4SsAdlpI-Senior-Android-Developer-on-site-Union-Coop-Giza-Egypt?o=107&l=sp&t=sj&a=None|search-v3|hpb
Maintenance Engineer,MB for Engineering -,"Alsadat City, Monufya, Egypt",Full TimeExperienced  3 - 5 Yrs of Exp  Installation/Maintenance/Repair  Engineering - Other  Mechanical Engineering  Engineering  Maintenance  Maintenance Engineering,18 days ago,https://wuzzuf.net/jobs/p/UVip0ufSBeUs-Maintenance-Engineer-MB-for-Engineering-Monufya-Egypt?o=108&l=sp&t=sj&a=None|search-v3|hpb
Business Analyst,Edentech -,"Dokki, Giza, Egypt",Full TimeExperienced  5 - 10 Yrs of Exp  IT/Software Development  Analyst/Research  Engineering - Telecom/Technology  Analysis  Business Analysis  business  Documentation  Information Technology (IT)  Software  Analyst,18 days ago,https://wuzzuf.net/jobs/p/GX2YLNbPyUYU-Business-Analyst-Edentech-Giza-Egypt?o=109&l=sp&t=sj&a=None|search-v3|hpb
Senior Business Analyst - (IT),QOAD  -,"Sheraton, Cairo, Egypt",Full TimeExperienced  5 - 8 Yrs of Exp  IT/Software Development  Engineering - Telecom/Technology  Agile  Scrum  Information Technology (IT)  Computer Science  Business Analysis  Analysis  Software  Business,18 days ago,https://wuzzuf.net/jobs/p/IaYfnqF32X51-Senior-Business-Analyst---IT-QOAD-Cairo-Egypt?o=110&l=sp&t=sj&a=None|search-v3|hpb
Experienced Java Spring Developer,Yeshtery -,"New Cairo, Cairo, Egypt",Full TimePart TimeExperienced  2 - 5 Yrs of Exp  Creative/Design/Art  IT/Software Development  Engineering - Telecom/Technology  Information Technology (IT)  Java  Computer Science  Java EE  Spring  Spring Boot  Engineering,18 days ago,https://wuzzuf.net/jobs/p/xaizIKtx9FZy-Experienced-Java-Spring-Developer-Yeshtery-Cairo-Egypt?o=111&l=sp&t=sj&a=None|search-v3|hpb
Information Security Engineer,Marine & Engineering Services Co (MESCO) -,"Alexandria, Egypt",Full TimeExperienced  5 - 10 Yrs of Exp  IT/Software Development  Network Security  Security  Network  Information Technology (IT)  CISSP  CISA,18 days ago,https://wuzzuf.net/jobs/p/LiBUpwmn4fgB-Information-Security-Engineer-Marine-Engineering-Services-Co-MESCO-Alexandria-Egypt?o=112&l=sp&t=sj&a=None|search-v3|hpb
Site Quality Leader,Alstom -,"Cairo, Egypt",Full TimeManager  6 - 10 Yrs of Exp  Quality  Engineering - Mechanical/Electrical  Engineering - Oil & Gas/Energy  Quality Assurance  Electrical  Automotive Spare Parts,18 days ago,https://wuzzuf.net/jobs/p/UPlGBMmPWdHU-Site-Quality-Leader-Alstom-Cairo-Egypt?o=113&l=sp&t=sj&a=None|search-v3|hpb
MEP Coordinator,Talaat Moustafa Group -,"Madinaty, Cairo, Egypt",Full TimeExperienced  2 - 5 Yrs of Exp  Engineering - Construction/Civil/Architecture  Arch  Engineering  Mechanical Engineering  MEP  Mep coordinator,18 days ago,https://wuzzuf.net/jobs/p/OEHjpp3hn6xo-MEP-Coordinator-Talaat-Moustafa-Group-Cairo-Egypt?o=114&l=sp&t=sj&a=None|search-v3|hpb
Senior Test Automation Engineer,Confidential -,"New Heliopolis, Cairo, Egypt",Full TimeExperienced  4 - 6 Yrs of Exp  IT/Software Development  Quality  Engineering - Telecom/Technology  Agile  Automation  Automation Testing  Computer Science  Development  Information Technology (IT)  QA,1 month ago,https://wuzzuf.net/jobs/p/dTC4N6P41vMQ-Senior-Test-Automation-Engineer-Cairo-Egypt?o=115&l=sp&t=sj&a=None|search-v3|hpb
Senior MS Exchange Engineer,Roaya -,"Maadi, Cairo, Egypt",Full TimeExperienced  2+ Yrs of Exp  Installation/Maintenance/Repair  IT/Software Development  Engineering - Telecom/Technology  Computer Science  Engineering  Information Technology (IT)  Troubleshooting  CCNA  Computer Engineering  Communication,1 month ago,https://wuzzuf.net/jobs/p/HeWVwAiP73P3-Senior-MS-Exchange-Engineer-Roaya-Cairo-Egypt?o=116&l=sp&t=sj&a=None|search-v3|hpb
Technical Lead,Expleo -,"Maadi, Cairo, Egypt",Full TimeManager  5 - 8 Yrs of Exp  IT/Software Development  Engineering - Telecom/Technology  Computer Science  Information Technology (IT),1 month ago,https://wuzzuf.net/jobs/p/p1sgwsiOjtAP-Technical-Lead-Expleo-Cairo-Egypt?o=117&l=sp&t=sj&a=None|search-v3|hpb
Principle Software Engineer,Emirates Airline -,"Dubai, United Arab Emirates",Full TimeExperienced  8 - 9 Yrs of Exp  IT/Software Development  Engineering - Telecom/Technology  Software  Engineering  Information Technology (IT)  Computer Engineering  Software Engineering  Software Development  Agile  computer,19 days ago,https://wuzzuf.net/jobs/p/YXcw6Xa3k3IW-Principle-Software-Engineer-Emirates-Airline-Dubai-United-Arab-Emirates?o=118&l=sp&t=sj&a=None|search-v3|hpb
"Health, Safety & Environment Officer",InstaShop -,"Mohandessin, Giza, Egypt",Full TimeExperienced  0 - 2 Yrs of Exp  Human Resources  Operations/Management  Quality  HSE  excel  English  quality  Safety  Operations Management  Risk Management,19 days ago,https://wuzzuf.net/jobs/p/Ahl0MztDXhZg-Health-Safety-Environment-Officer-InstaShop-Giza-Egypt?o=119&l=sp&t=sj&a=None|search-v3|hpb
HSE Engineer,Marbella For Food Industry  -,"6th of October, Giza, Egypt",Full TimeExperienced  5+ Yrs of Exp  Quality  Engineering - Mechanical/Electrical  Engineering - Other  Engineering  Food  HSE  ISO  ISO 9001  Management  OHSAS,19 days ago,https://wuzzuf.net/jobs/p/t6mamsWdZtsL-HSE-Engineer-Marbella-For-Food-Industry-Giza-Egypt?o=120&l=sp&t=sj&a=None|search-v3|hpb
Business Analyst,Egabi FSI -,"Sheraton, Cairo, Egypt",Full TimeEntry Level  1 - 4 Yrs of Exp  IT/Software Development  Analyst/Research  Engineering - Telecom/Technology  Business Analyst  Computer Science  Business Analysis  Information Technology (IT)  English  Data Analysis  Testing,20 days ago,https://wuzzuf.net/jobs/p/8vR5EymXDsTh-Business-Analyst-Egabi-FSI-Cairo-Egypt?o=121&l=sp&t=sj&a=None|search-v3|hpb
Senior Accountant - El Sheikh Zayed,Property Hills -,"6th of October, Giza, Egypt",Full TimeExperienced  3 - 7 Yrs of Exp  Accounting/Finance  Accounting  Finance  English  Financial Analysis  Financial Management  MS Office  office  MS  Real Estate,20 days ago,https://wuzzuf.net/jobs/p/6zKpe6tf87X1-Senior-Accountant---El-Sheikh-Zayed-Property-Hills-Giza-Egypt?o=122&l=sp&t=sj&a=None|search-v3|hpb
Lega Affairs Specialist,El-Soadaa Group -,"Maadi, Cairo, Egypt",Full TimeExperienced  5 - 7 Yrs of Exp  males_only  Legal  Regulatory Affairs  Legal Affairs,20 days ago,https://wuzzuf.net/jobs/p/UpZST67p8KxN-Lega-Affairs-Specialist-El-Soadaa-Group-Cairo-Egypt?o=123&l=sp&t=sj&a=None|search-v3|hpb
Technical Support Engineer (Outsourcing),Interact Technology Solutions -,"Maadi, Cairo, Egypt",Full TimeExperienced  2 - 3 Yrs of Exp  Customer Service/Support  IT/Software Development  Engineering - Telecom/Technology  IT  Engineering  Technical Support  Software  Computer Science  Information Technology (IT)  Electrical,20 days ago,https://wuzzuf.net/jobs/p/dbJMbNnqpv40-Technical-Support-Engineer-Outsourcing-Interact-Technology-Solutions-Cairo-Egypt?o=124&l=sp&t=sj&a=None|search-v3|hpb
Technical Support Specialist,Interact Technology Solutions -,"Maadi, Cairo, Egypt",Full TimeEntry Level  1 - 3 Yrs of Exp  Customer Service/Support  Installation/Maintenance/Repair  IT/Software Development  IT  Engineering  Technical Support  Software  Computer Science  Information Technology (IT)  Electrical,20 days ago,https://wuzzuf.net/jobs/p/0EiaivRitp5s-Technical-Support-Specialist-Interact-Technology-Solutions-Cairo-Egypt?o=125&l=sp&t=sj&a=None|search-v3|hpb
Project Coordinator (Healthcare Marketing Agency),Confidential -,"Alexandria, Egypt",Full TimeExperienced  2+ Yrs of Exp  Creative/Design/Art  Marketing/PR/Advertising  Medical/Healthcare  Project Coordination  Project Management  Communication,20 days ago,https://wuzzuf.net/jobs/p/p9AciB7Fyo0R-Project-Coordinator-Healthcare-Marketing-Agency-Alexandria-Egypt?o=126&l=sp&t=sj&a=None|search-v3|hpb
Senior Data Warehouse Developer/Architect,FlairsTech -,"Cairo, Egypt",Full TimeExperienced  5 - 10 Yrs of Exp  IT/Software Development  Engineering - Telecom/Technology  BI  Computer Science  Data Warehouse  Database  Design  ETL  Information Technology (IT)  Programming,1 month ago,https://wuzzuf.net/jobs/p/mcm39Bxtyy32-Senior-Data-Warehouse-DeveloperArchitect-FlairsTech-Cairo-Egypt?o=127&l=sp&t=sj&a=None|search-v3|hpb
Research & Development System Design Engineer (Refrigerator ),Beko -,"10th of Ramadan City, Sharqia, Egypt",Full TimeExperienced  7+ Yrs of Exp  R&D/Science  Engineering - Mechanical/Electrical  R&D  English  Engineering  Manufacturing  Mechanical  Mechanical Engineering  Design,1 month ago,https://wuzzuf.net/jobs/p/wa3ddD93oxDP-Research-Development-System-Design-Engineer-Refrigerator-Beko-Sharqia-Egypt?o=128&l=sp&t=sj&a=None|search-v3|hpb
Senior Technical Sales Engineer-Lighting,Smart Lighting  -,"Sheraton, Cairo, Egypt",Full TimeExperienced  3 - 5 Yrs of Exp  Engineering - Other  Lighting Experience  Sales,1 month ago,https://wuzzuf.net/jobs/p/pGwTEIn9u6fJ-Senior-Technical-Sales-Engineer-Lighting-Smart-Lighting-Cairo-Egypt?o=129&l=sp&t=sj&a=None|search-v3|hpb
Human Resource Administrator,Dr. Koura clinics -,"Mohandessin, Giza, Egypt",Full TimeExperienced  2 - 4 Yrs of Exp  Administration  Human Resources  Administration  Recruiter  Recruitment  HR  Human Resources (HR)  fluent english,1 month ago,https://wuzzuf.net/jobs/p/9vV3qq7njGt2-Human-Resource-Administrator-ORA-Clinics-Giza-Egypt?o=130&l=sp&t=sj&a=None|search-v3|hpb
Officer (Egypt Impact Lab) (J-PAL MENA),National Institute for Governance and Development -,"Cairo, Egypt",Full TimeExperienced  4+ Yrs of Exp  Administration  Legal  Administration  Training  economics  organizational skills  technical skills  Microsoft Office  Asana  Salesforce,1 month ago,https://wuzzuf.net/jobs/p/S3wI7xVZCODd-Officer-Egypt-Impact-Lab-J-PAL-MENA-National-Institute-for-Governance-and-Development-Cairo-Egypt?o=131&l=sp&t=sj&a=None|search-v3|hpb
General Accountant,Outservingplus -,"Badr City, Cairo, Egypt",Full TimeExperienced  2 - 3 Yrs of Exp  Accounting/Finance  accountant  Accounting  Finance  Financial Analysis  Financial Management  general accountant,21 days ago,https://wuzzuf.net/jobs/p/wrbjtL5GZ5Ps-General-Accountant-Outservingplus-Cairo-Egypt?o=132&l=sp&t=sj&a=None|search-v3|hpb
Partnerships Executive,Centro CDX -,"Maadi, Cairo, Egypt",Full TimeExperienced  1 - 3 Yrs of Exp  Business Development  Business Development  English  interpersonal  Communication skills,21 days ago,https://wuzzuf.net/jobs/p/4J0wjRI6Xrtq-Partnerships-Executive-Centro-CDX-Cairo-Egypt?o=133&l=sp&t=sj&a=None|search-v3|hpb
Senior Business Analyst,Confidential -,"6th of October, Giza, Egypt",Full TimeExperienced  3 - 5 Yrs of Exp  IT/Software Development  Analyst/Research  Business Analysis  Agile  Communication skills  Computer Science  Information Technology (IT)  Software  Software Development  Business Development,21 days ago,https://wuzzuf.net/jobs/p/ewrrl7dIJIwB-Senior-Business-Analyst-Giza-Egypt?o=134&l=sp&t=sj&a=None|search-v3|hpb
Area Sales Manager FMCG,Keys Group Services -,"Abu Rawash, Giza, Egypt",Full TimeManager  5 - 7 Yrs of Exp  males_only  Customer Service/Support  Operations/Management  Sales/Retail  English  Experience  FMCG  Retail  Sales  sales skills  Sales Target,21 days ago,https://wuzzuf.net/jobs/p/1SeeIjlWFvsY-Area-Sales-Manager-FMCG-Keys-Group-Services-Giza-Egypt?o=135&l=sp&t=sj&a=None|search-v3|hpb
Senior IT and Operation Internal Auditor,Nahdet Misr Publishing Group -,"Mohandessin, Giza, Egypt",Full TimeExperienced  3 - 6 Yrs of Exp  Accounting/Finance  IT/Software Development  Operations/Management  Accounting  Auditing  Information Technology (IT)  Internal audit  Operations  ERP  CIA,21 days ago,https://wuzzuf.net/jobs/p/dYlDVQc7NLUZ-Senior-IT-and-Operation-Internal-Auditor-Nahdet-Misr-Publishing-Group-Giza-Egypt?o=136&l=sp&t=sj&a=None|search-v3|hpb
Online Education Supervisor,English Capsules -,"Cairo, Egypt",Full TimeManager  2 - 5 Yrs of Exp  Education/Teaching  CELTA  Education  English  Management  Online Teaching  Teaching  TEFL  tesol  English Teaching,21 days ago,https://wuzzuf.net/jobs/p/k4xePTHZQG14-Online-Education-Supervisor-English-Capsules-Cairo-Egypt?o=137&l=sp&t=sj&a=None|search-v3|hpb
Technical / Quality Control Engineer - Solar Energy / Construction,Confidential -,"Cairo, Egypt",Full TimeExperienced  3 - 7 Yrs of Exp  Engineering - Construction/Civil/Architecture  Quality  Engineering - Mechanical/Electrical  Computer Skills  Design  Technical Office  quality  Quality Assurance  Quality Control  Solar Energy,1 month ago,https://wuzzuf.net/jobs/p/wifHVSnwGqiJ-Technical-Quality-Control-Engineer---Solar-Energy-Construction-Cairo-Egypt?o=138&l=sp&t=sj&a=None|search-v3|hpb
Workforce Specialist,Safa International Travel -,"Dokki, Giza, Egypt",Full TimeExperienced  2 - 5 Yrs of Exp  males_only  Customer Service/Support  Operations/Management  Analyst/Research  Workforce Management  Workforce Planning  Analysis  Microsoft Office  Computer Skills  workforce  COPC,21 days ago,https://wuzzuf.net/jobs/p/akIgbbQqdS3i-Workforce-Specialist-Safa-International-Travel-Giza-Egypt?o=139&l=sp&t=sj&a=None|search-v3|hpb
Quality Assurance - IPC,MTBI-diagnostics  -,"Badr City, Cairo, Egypt",Full TimeExperienced  2 - 4 Yrs of Exp  Quality  Industrial  QA  Quality Assurance  quality  Science,21 days ago,https://wuzzuf.net/jobs/p/Ciz6jsPkjEN4-Quality-Assurance---IPC-MTBI-diagnostics-Cairo-Egypt?o=140&l=sp&t=sj&a=None|search-v3|hpb
Accounts Receivable Section Head,Confidential -,"Nasr City, Cairo, Egypt",Full TimeExperienced  10 - 15 Yrs of Exp  Accounting/Finance  Accounting  Accounts Receivable  Accounts  Finance  Financial Management  Receivable  Financial Analysis,21 days ago,https://wuzzuf.net/jobs/p/iIcGuP5mk2gY-Accounts-Receivable-Section-Head-Cairo-Egypt?o=141&l=sp&t=sj&a=None|search-v3|hpb
Chemist for Detergent Manufacturing Company,Confidential -,"Obour City, Cairo, Egypt",Full TimeExperienced  3 - 5 Yrs of Exp  Quality  Detergents  Chemical Engineering,21 days ago,https://wuzzuf.net/jobs/p/ZPbHpNuYQ6aN-Chemist-for-Detergent-Manufacturing-Company-Cairo-Egypt?o=142&l=sp&t=sj&a=None|search-v3|hpb
Lifecycle Marketing Associate (Work From Home),Scale Army -,"Cairo, Egypt",Full TimeWork From HomeExperienced  3 - 5 Yrs of Exp  Marketing/PR/Advertising  Klaviyo  Google Analytics  HTML  CSS  Mailchimp  Email Automation  Advertising  Marketing,21 days ago,https://wuzzuf.net/jobs/p/u2ZAQUDfLvkm-Lifecycle-Marketing-Associate-Work-From-Home-Scale-Army-Cairo-Egypt?o=143&l=sp&t=sj&a=None|search-v3|hpb
Student Building Supervisor,AIU -,"Alamein, Matruh, Egypt",Full TimeExperienced  2+ Yrs of Exp  Administration  Hospitality/Hotels/Food Services  Education/Teaching  Administration  buildings  English  Psychology  Sociology,1 month ago,https://wuzzuf.net/jobs/p/mPkXX8qOMuBO-Student-Building-Supervisor-AIU-Matruh-Egypt?o=144&l=sp&t=sj&a=None|search-v3|hpb
Accountant,Sigma Scan -,"Faisal, Giza, Egypt",Full TimeExperienced  2 - 3 Yrs of Exp  Accounting/Finance  Accounting  Financial Accounting  Communication skills  Financial Reporting,22 days ago,https://wuzzuf.net/jobs/p/erZOWpxCFLnx-Accountant-Sigma-Scan-Giza-Egypt?o=145&l=sp&t=sj&a=None|search-v3|hpb
Senior Sales Associate,Azza Fahmy Jewellery -,"Sheikh Zayed, Giza, Egypt",Full TimeShift BasedExperienced  2 - 3 Yrs of Exp  Sales/Retail  sales skills  English  Sales  Sales Target  Retail Sales  Customer Service  Retail  Target,1 month ago,https://wuzzuf.net/jobs/p/UwJo6o5luVdQ-Senior-Sales-Associate-Azza-Fahmy-Jewellery-Giza-Egypt?o=146&l=sp&t=sj&a=None|search-v3|hpb
Data Entry - Alexandria,SIGMA -,"Alexandria, Egypt",Full TimeEntry Level  0 - 2 Yrs of Exp  Administration  Administration  Admin  Admin Work  Data Entry  Microsoft Word  Microsoft Excel  Communication  Communication skills  English,1 month ago,https://wuzzuf.net/jobs/p/Z7XjVuW4Kucf-Data-Entry---Alexandria-SIGMA-Alexandria-Egypt?o=147&l=sp&t=sj&a=None|search-v3|hpb
R&D - Formulation Senior Specialist,Delta Pharma Egypt -,"10th of Ramadan City, Cairo, Egypt",Full TimeExperienced  3 - 5 Yrs of Exp  R&D/Science  Quality  Pharmaceutical  Pharmacy  Formulation  Pharmaceutical  Science  Quality Control  Quality Assurance  Pharmaceutical Sciences,24 days ago,https://wuzzuf.net/jobs/p/hlmvtYh0WjlG-RD---Formulation-Senior-Specialist-Delta-Pharma-Egypt-Cairo-Egypt?o=148&l=sp&t=sj&a=None|search-v3|hpb
Software Business Analyst,Confidential -,"Sheraton, Cairo, Egypt",Full TimeExperienced  5 - 7 Yrs of Exp  IT/Software Development  Analyst/Research  Engineering - Telecom/Technology  Analyst  business  Business Analysis  Business Analyst  Computer Science  Design  Development,24 days ago,https://wuzzuf.net/jobs/p/z9z9Baw9lhzx-Software-Business-Analyst-Cairo-Egypt?o=149&l=sp&t=sj&a=None|search-v3|hpb
Chief Executive Officer - (Leading international English School) - Alex,Pillars -,"Alexandria, Egypt",Full TimeSenior Management  15+ Yrs of Exp  Operations/Management  C-Level Executive/GM/Director  Education/Teaching  English Education  CEO  General Management,24 days ago,https://wuzzuf.net/jobs/p/2qNEu2NiwazJ-Chief-Executive-Officer---Leading-international-English-School---Alex-Pillars-Alexandria-Egypt?o=150&l=sp&t=sj&a=None|search-v3|hpb
Hospitality Specialist,Queens Health Care -,"New Cairo, Cairo, Egypt",Full TimeEntry Level  females_only  Administration  Hospitality/Hotels/Food Services  Medical/Healthcare  Hospitality  Housekeeping  Hotels  Customer Service,24 days ago,https://wuzzuf.net/jobs/p/isXyyVrWB9q6-Hospitality-Specialist-Queens-Health-Care-Cairo-Egypt?o=151&l=sp&t=sj&a=None|search-v3|hpb
Executive Chef (French Cuisine),Paradise Inn Hotels & Resorts -,"Alexandria, Egypt",Full TimeShift BasedManager  12+ Yrs of Exp  Hospitality/Hotels/Food Services  computer  Computer Hardware  Computer Science  Information Technology (IT)  Network Administration  Software  networks  Computer Engineering  Administration,1 month ago,https://wuzzuf.net/jobs/p/2qWl2PQPyouV-Executive-Chef-French-Cuisine-Paradise-Inn-Hotels-Resorts-Alexandria-Egypt?o=152&l=sp&t=sj&a=None|search-v3|hpb
Senior Accountant,Mc Ledger -,"Dokki, Giza, Egypt",Full TimeExperienced  3 - 5 Yrs of Exp  Accounting/Finance  Accounting  Communication skills  Financial Management  accountant  ERP  excel,25 days ago,https://wuzzuf.net/jobs/p/FmSFhub0FBkS-Senior-Accountant-Mc-Ledger-Giza-Egypt?o=153&l=sp&t=sj&a=None|search-v3|hpb
Regulatory Affairs Specialist,Arma Non Food -,"10th of Ramadan City, Cairo, Egypt",Full TimeEntry Level  1 - 3 Yrs of Exp  R&D/Science  Medical/Healthcare  Pharmaceutical  Regulatory Affairs  Science  regulatory  Pharmacy,1 month ago,https://wuzzuf.net/jobs/p/n2Rbk7tWr54Z-Regulatory-Affairs-Specialist-Arma-Non-Food-Cairo-Egypt?o=154&l=sp&t=sj&a=None|search-v3|hpb
Legal Affairs Manager,Confidential -,"10th of Ramadan City, Cairo, Egypt",Full TimeManager  10 - 15 Yrs of Exp  males_only  Administration  Legal  Operations/Management  Compliance  Legal  Law  Contracts  Communication,25 days ago,https://wuzzuf.net/jobs/p/mthFJDBdH7Aw-Legal-Affairs-Manager-Cairo-Egypt?o=155&l=sp&t=sj&a=None|search-v3|hpb
Junior Associate Lawyer,Arabian Vision -,"Alexandria, Egypt",Full TimeEntry Level  1 - 3 Yrs of Exp  Legal  Legal  lawyer  Communication skills  English  Law,25 days ago,https://wuzzuf.net/jobs/p/xgYcQnvOeTUH-Junior-Associate-Lawyer-Arabian-Vision-Alexandria-Egypt?o=156&l=sp&t=sj&a=None|search-v3|hpb
Senior DevOps Engineer,CrossWorkers -,"New Cairo, Cairo, Egypt",Full TimeExperienced  3+ Yrs of Exp  IT/Software Development  Engineering - Telecom/Technology  Git  AWS  Jenkins  DevOps  Agile  Architecture  Computer Science  Engineering,25 days ago,https://wuzzuf.net/jobs/p/tRK9Bf5juPgV-Senior-DevOps-Engineer-CrossWorkers-Cairo-Egypt?o=157&l=sp&t=sj&a=None|search-v3|hpb
Executive Housekeeper - Hotel Background Is A Must,Paradise Inn Hotels & Resorts -,"Mahta Alraml, Alexandria, Egypt",Full TimeManager  8 - 10 Yrs of Exp  Hospitality/Hotels/Food Services  Housekeeping  Hospitality  Hotels  Maintenance  Supervising,26 days ago,https://wuzzuf.net/jobs/p/4aj59U4gwbGd-Executive-Housekeeper---Hotel-Background-Is-A-Must-Paradise-Inn-Hotels-Resorts-Alexandria-Egypt?o=158&l=sp&t=sj&a=None|search-v3|hpb
Sales Manager (Hotels Background Is A Must),Paradise Inn Hotels & Resorts -,"Mahta Alraml, Alexandria, Egypt",Full TimeManager  7+ Yrs of Exp  Hospitality/Hotels/Food Services  Operations/Management  Sales/Retail  Sales Skills  Sales Target  Sales  Operations  Management  Sales Management  Marketing,26 days ago,https://wuzzuf.net/jobs/p/FsWxg6X0GFRL-Sales-Manager-Hotels-Background-Is-A-Must-Paradise-Inn-Hotels-Resorts-Alexandria-Egypt?o=159&l=sp&t=sj&a=None|search-v3|hpb
Data Analyst,Hands of Hope Physical Therapy & Wellness -,"Maadi, Cairo, Egypt",Full TimeExperienced  2 - 4 Yrs of Exp  R&D/Science  IT/Software Development  Analyst/Research  Analysis  Analyst  Data  Data Analysis  Data Analyst  Information Technology (IT)  Tableau,1 month ago,https://wuzzuf.net/jobs/p/NnXOsaotY7gM-Data-Analyst-Hands-of-Hope-Physical-Therapy-Wellness-Cairo-Egypt?o=160&l=sp&t=sj&a=None|search-v3|hpb
Software Tester,Bevatel -,"Dokki, Giza, Egypt",Full TimeEntry Level  1 - 3 Yrs of Exp  IT/Software Development  Engineering - Telecom/Technology  Agile  Scrum  Software Testing  Information Technology (IT)  analytical  Computer Science  ISTQB-FL  ISTQB,26 days ago,https://wuzzuf.net/jobs/p/NzsZ9CeGvELw-Software-Tester-Bevatel-Giza-Egypt?o=161&l=sp&t=sj&a=None|search-v3|hpb
Human Resources Generalist,HMASERV LLC -,"Alexandria, Egypt",Full TimeExperienced  2 - 3 Yrs of Exp  Human Resources  IT/Software Development  Human Resources (HR)  human resources generalist  Recruitment  Human Resources,26 days ago,https://wuzzuf.net/jobs/p/agxAtDzEbG7y-Human-Resources-Generalist-HMASERV-LLC-Alexandria-Egypt?o=162&l=sp&t=sj&a=None|search-v3|hpb
Junior Help Desk - Support Engineer,Infinity Clinic Pharma -,"Nasr City, Cairo, Egypt",Full TimeEntry Level  1 - 2 Yrs of Exp  males_only  Installation/Maintenance/Repair  IT/Software Development  Engineering - Telecom/Technology  Computer Science  Maintenance  Information Technology (IT)  Help desk  technical  Computer Systems  Diagnose,26 days ago,https://wuzzuf.net/jobs/p/RnENenXqUiwZ-Junior-Help-Desk---Support-Engineer-Infinity-Clinic-Pharma-Cairo-Egypt?o=163&l=sp&t=sj&a=None|search-v3|hpb
Audit Manager,Medica-lab -,"Cairo, Egypt",Full TimeManager  3 - 10 Yrs of Exp  Accounting/Finance  Audit  Accounting  Financial Analysis  Forecasting  Tax  Auditing,27 days ago,https://wuzzuf.net/jobs/p/XhprXN2F8Y9r-Audit-Manager-Medica-lab-Cairo-Egypt?o=164&l=sp&t=sj&a=None|search-v3|hpb
Accountant,Ship To Box -,"Sheikh Zayed, Giza, Egypt",Full TimeEntry Level  1 - 10 Yrs of Exp  males_only  Accounting/Finance  Accounting  Finance  Billing  analyst  reporting  excel  accountant  shipping  ecommerce,27 days ago,https://wuzzuf.net/jobs/p/PKhe3lq0UB0b-Accountant-Ship-To-Box-Giza-Egypt?o=165&l=sp&t=sj&a=None|search-v3|hpb
QC Inspector (HDPE),AlGammal Contracting -,"Katameya, Cairo, Egypt",Full TimeExperienced  3 - 5 Yrs of Exp  males_only  Quality  Engineering - Other  Inspector  Communication skills  Quality Control  quality  QC  Engineering,27 days ago,https://wuzzuf.net/jobs/p/rOL2Utsq76xi-QC-Inspector-HDPE-AlGammal-Contracting-Cairo-Egypt?o=166&l=sp&t=sj&a=None|search-v3|hpb
Legal Affairs Officer,TechnoBit Group -,"Sharabeya, Cairo, Egypt",Full TimeExperienced  2 - 5 Yrs of Exp  Administration  Customer Service/Support  Legal  Administration  Legal  Law  Legal Affairs,27 days ago,https://wuzzuf.net/jobs/p/4HRhq0AZqT9W-Legal-Affairs-Officer-TechnoBit-Group-Cairo-Egypt?o=167&l=sp&t=sj&a=None|search-v3|hpb
Production Manager (Making),Marbella For Food Industry  -,"6th of October, Giza, Egypt",Full TimeManager  7+ Yrs of Exp  Operations/Management  Manufacturing/Production  Engineering  Management  Manager  Manufacturing  Production  Production Manager  Food  Food Production,27 days ago,https://wuzzuf.net/jobs/p/pe0N23rigR3I-Production-Manager-Making-Marbella-For-Food-Industry-Giza-Egypt?o=168&l=sp&t=sj&a=None|search-v3|hpb
Export Business Developer,Confidential -,"Maadi, Cairo, Egypt",Full TimeExperienced  5 - 7 Yrs of Exp  Logistics/Supply Chain  Manufacturing/Production  Sales/Retail  business  English  Export  Marketing  sales skills  Communication  Microsoft Office,1 month ago,https://wuzzuf.net/jobs/p/YxD75ofEytZL-Export-Business-Developer-Cairo-Egypt?o=169&l=sp&t=sj&a=None|search-v3|hpb
Senior Product Manager,UnitLabs -,"Dokki, Giza, Egypt",Full TimeWork From HomeExperienced  5 - 6 Yrs of Exp  Marketing/PR/Advertising  Media/Journalism/Publishing  Communication  Agile  Communication skills  Computer Science  Engineering  Management  Product  Product Management,28 days ago,https://wuzzuf.net/jobs/p/Y2gz107CRjl3-Senior-Product-Manager-UnitLabs-Giza-Egypt?o=170&l=sp&t=sj&a=None|search-v3|hpb
Corporate Lawyer,Excel Systems   -,"Sheikh Zayed, Giza, Egypt",Full TimeExperienced  10 - 15 Yrs of Exp  Administration  Legal  Corporate Law  Legal  Communication skills  Legal Documents,28 days ago,https://wuzzuf.net/jobs/p/pUssD6fIVW6y-Corporate-Lawyer-Excel-Systems-Giza-Egypt?o=171&l=sp&t=sj&a=None|search-v3|hpb
Call Center Team Leader,Raya Distribution -,"Maadi, Cairo, Egypt",Full TimeManager  2 - 5 Yrs of Exp  Customer Service/Support  Call Center  Arabic  Communication  Communication skills  Customer Care  Negotiation  Customer Support  Customer Service  excel,28 days ago,https://wuzzuf.net/jobs/p/Cbq9VcsBOsWb-Call-Center-Team-Leader-Raya-Distribution-Cairo-Egypt?o=172&l=sp&t=sj&a=None|search-v3|hpb
Senior Software Product Manager,UnitLabs -,"Dokki, Giza, Egypt",Full TimeWork From HomeExperienced  5 - 6 Yrs of Exp  IT/Software Development  Marketing/PR/Advertising  Engineering - Telecom/Technology  Communication  Agile  Communication skills  Computer Science  Engineering  Management  Product,28 days ago,https://wuzzuf.net/jobs/p/cQohxmdz85Sr-Senior-Software-Product-Manager-UnitLabs-Giza-Egypt?o=173&l=sp&t=sj&a=None|search-v3|hpb
Senior Compensation and Benefits Specialist,Wadi Group -,"Sheikh Zayed, Giza, Egypt",Full TimeExperienced  3 - 6 Yrs of Exp  Accounting/Finance  Human Resources  Communication  analytical  Communication skills  Human Resources (HR)  Payroll  Microsoft Office  English  Compensation,28 days ago,https://wuzzuf.net/jobs/p/88F7Fp38YhA6-Senior-Compensation-and-Benefits-Specialist-Wadi-Group-Giza-Egypt?o=174&l=sp&t=sj&a=None|search-v3|hpb
Accounts Payable Accountant,Hikma Pharmaceuticals -,"6th of October, Giza, Egypt",Full TimeEntry Level  1 - 3 Yrs of Exp  Accounting/Finance  SAP  Accounts Payable  Accounting  Financial Analysis  Finance  Microsoft Office  SAP user  excel  word,28 days ago,https://wuzzuf.net/jobs/p/GTzH7shjJtkB-Accounts-Payable-Accountant-Hikma-Pharmaceuticals-Giza-Egypt?o=175&l=sp&t=sj&a=None|search-v3|hpb
Senior NET Developer,electrified -,"Downtown, Cairo, Egypt",Full TimeExperienced  3 - 5 Yrs of Exp  IT/Software Development  .Net  HTML5  Software Development  blazor  MVC  ASP.Net Web API,1 month ago,https://wuzzuf.net/jobs/p/eWhw46GIXaDV-Senior-NET-Developer-electrified-Cairo-Egypt?o=176&l=sp&t=sj&a=None|search-v3|hpb
BI Analyst,Confidential -,"Riyadh, Saudi Arabia",Full TimeWork From HomeExperienced  5 - 7 Yrs of Exp  females_preferred  Administration  Business Development  BI  Analysis  Communication skills  English  Data Analysis  Microsoft Powerpoint,29 days ago,https://wuzzuf.net/jobs/p/hA68Yga4rXAX-BI-Analyst-Riyadh-Saudi-Arabia?o=177&l=sp&t=sj&a=None|search-v3|hpb
Marketing Manager [Remote],Chrono Games -,"Hamburg, Germany",Full TimeWork From HomeManager  3+ Yrs of Exp  Marketing/PR/Advertising  Media/Journalism/Publishing  Content Marketing  Copywriting  Content  Marketing  Social Media  Market Research,1 month ago,https://wuzzuf.net/jobs/p/G2L9xE6FzSP4-Marketing-Manager-Remote-Chrono-Games-Hamburg-Germany?o=178&l=sp&t=sj&a=None|search-v3|hpb
FP&A Assistant Manager,Giza Seeds and Herbs -,"6th of October, Giza, Egypt",Full TimeExperienced  5 - 8 Yrs of Exp  Accounting/Finance  Analyst/Research  Financial Analysis  Financial Planning  Budgeting  Forecasting  Finance,1 month ago,https://wuzzuf.net/jobs/p/st1ZaUgVgirm-FPA-Assistant-Manager-Giza-Seeds-and-Herbs-Giza-Egypt?o=179&l=sp&t=sj&a=None|search-v3|hpb
Junior Business Developer,Dottopia -,"Mohandessin, Giza, Egypt",Full TimeEntry Level  0 - 1 Yrs of Exp  Business Development  Sales/Retail  Business Development  English  Sales Target  Telesales  Sales  sales skills,1 month ago,https://wuzzuf.net/jobs/p/r09ImCtJobFK-Junior-Business-Developer-Dottopia-Giza-Egypt?o=180&l=sp&t=sj&a=None|search-v3|hpb
Devops Engineer,Dealtio -,"Nasr City, Cairo, Egypt",Full TimeExperienced  2 - 3 Yrs of Exp  IT/Software Development  Engineering - Telecom/Technology  Computer Science  Docker  DevOps  Information Technology (IT)  Jenkins  Linux  Python  Software Development,1 month ago,https://wuzzuf.net/jobs/p/xrrPA98DTOXN-Devops-Engineer-Dealtio-Cairo-Egypt?o=181&l=sp&t=sj&a=None|search-v3|hpb
Software Test Engineer,Paymint -,"Downtown, Cairo, Egypt",Full TimeExperienced  2 - 4 Yrs of Exp  IT/Software Development  Quality  Engineering - Telecom/Technology  Agile  Analysis  API  Banking  Computer Science  Information Technology (IT)  ISTQB,1 month ago,https://wuzzuf.net/jobs/p/PrNXMBjjRon7-Software-Test-Engineer-Paymint-Cairo-Egypt?o=182&l=sp&t=sj&a=None|search-v3|hpb
ERP Operation Manger,Outservingplus -,"Haram, Giza, Egypt",Full TimeManager  2 - 4 Yrs of Exp  IT/Software Development  Finance  Manager  ERP  Marketing  English  Operations  ERP Applications  Communication  Microsoft Office,1 month ago,https://wuzzuf.net/jobs/p/NTJuryeD6B9v-ERP-Operation-Manger-Outservingplus-Giza-Egypt?o=183&l=sp&t=sj&a=None|search-v3|hpb
Warehouse Accountant,Interact Technology Solutions -,"Maadi, Cairo, Egypt",Full TimeExperienced  4 - 7 Yrs of Exp  Accounting/Finance  Finance  Accounting  Financial Analysis  Financial Management  Communication skills,1 month ago,https://wuzzuf.net/jobs/p/lFiRyqh3Sr3x-Warehouse-Accountant-Interact-Technology-Solutions-Cairo-Egypt?o=184&l=sp&t=sj&a=None|search-v3|hpb
Senior Accountant,Confidential -,"New Cairo, Cairo, Egypt",Full TimeExperienced  5 - 6 Yrs of Exp  Accounting/Finance  Accounting  Communication  Finance  Financial Management  Accounts Receivable  Accounts Payable  General Accounting,1 month ago,https://wuzzuf.net/jobs/p/LKkvutAXBrFK-Senior-Accountant-Cairo-Egypt?o=185&l=sp&t=sj&a=None|search-v3|hpb
Linux Systems Administrator,ServerHub -,"Cairo, Egypt",Full TimeEntry Level  1 - 4 Yrs of Exp  Installation/Maintenance/Repair  IT/Software Development  Engineering - Telecom/Technology  Communication  Communication skills  Information Technology (IT)  DNS  Linux  Networking  System Administration,1 month ago,https://wuzzuf.net/jobs/p/dJRSf9KBPAW8-Linux-Systems-Administrator-ServerHub-Cairo-Egypt?o=186&l=sp&t=sj&a=None|search-v3|hpb
Software Tester (Technical Engineer) - German Speaker,Expleo -,"Maadi, Cairo, Egypt",Full TimeEntry Level  1 - 3 Yrs of Exp  IT/Software Development  Quality  Engineering - Telecom/Technology  C#  Java  Information Technology (IT)  Quality Control  Quality Assurance  Software Testing,1 month ago,https://wuzzuf.net/jobs/p/135621-Software-Tester-Technical-Engineer---German-Speaker-Expleo-Cairo-Egypt?o=187&l=sp&t=sj&a=None|search-v3|hpb
Insurance Sales Specialist,Confidential -,"Cairo, Egypt",Full TimeEntry Level  1+ Yrs of Exp  Sales/Retail  Sales  Insurance  Sales Target  sales skills  Insurance Sales,1 month ago,https://wuzzuf.net/jobs/p/rfxBcqHKHerV-Insurance-Sales-Specialist-Cairo-Egypt?o=188&l=sp&t=sj&a=None|search-v3|hpb
Junior Test Automation Engineer,Expleo -,"Maadi, Cairo, Egypt",Full TimeEntry Level  1 - 3 Yrs of Exp  IT/Software Development  Engineering - Telecom/Technology  Engineering  Information Technology (IT)  Computer Science  quality  Software Testing  Testing  Mechatronics,1 month ago,https://wuzzuf.net/jobs/p/jjiTv7TenNNU-Junior-Test-Automation-Engineer-Expleo-Cairo-Egypt?o=189&l=sp&t=sj&a=None|search-v3|hpb
Senior CRM Executive,Inertia Egypt -,"Sheikh Zayed, Giza, Egypt",Full TimeExperienced  5 - 8 Yrs of Exp  Customer Service/Support  Customer Care  CRM  Operations  Management  Customer Service  English,1 month ago,https://wuzzuf.net/jobs/p/WpAO2DJPnfyB-Senior-CRM-Executive-Inertia-Egypt-Giza-Egypt?o=190&l=sp&t=sj&a=None|search-v3|hpb
Senior Load & Performance Test Engineer,Expleo -,"Maadi, Cairo, Egypt",Full TimeWork From HomeExperienced  4 - 8 Yrs of Exp  IT/Software Development  Quality  Engineering - Telecom/Technology  Agile  DevOps  Engineering  Performance  Testing  JMeter  Software Testing,1 month ago,https://wuzzuf.net/jobs/p/JGxGrTc0hoNu-Senior-Load-Performance-Test-Engineer-Expleo-Cairo-Egypt?o=191&l=sp&t=sj&a=None|search-v3|hpb
Test Automation Engineer,Expleo -,"Maadi, Cairo, Egypt",Full TimeEntry Level  1 - 3 Yrs of Exp  IT/Software Development  Quality  Engineering - Telecom/Technology  Automation  Testing  Computer Science  Information Technology (IT)  Automation Testing  Software Testing  Quality,1 month ago,https://wuzzuf.net/jobs/p/PXbIg6Zbhrsi-Test-Automation-Engineer-Expleo-Cairo-Egypt?o=192&l=sp&t=sj&a=None|search-v3|hpb
Technical Engineer - German Speaker,Expleo -,"Maadi, Cairo, Egypt",Full TimeEntry Level  1 - 3 Yrs of Exp  Installation/Maintenance/Repair  IT/Software Development  Engineering - Telecom/Technology  Engineering  Information Technology (IT)  German  English  Java  Technical Support  Computer Science,1 month ago,https://wuzzuf.net/jobs/p/rvI625TxXO43-Technical-Engineer---German-Speaker-Expleo-Cairo-Egypt?o=193&l=sp&t=sj&a=None|search-v3|hpb
Elevators' Senior Sales Engineer,AET Lifts -,"Cairo, Egypt",Full TimeExperienced  5 - 8 Yrs of Exp  Engineering - Construction/Civil/Architecture  Sales/Retail  Sales  senior sales engineer  Elevators  Engineering  Sales Engineering  Electrical  English  technical,1 month ago,https://wuzzuf.net/jobs/p/L7i1KM0RgFMO-Elevators-Senior-Sales-Engineer-AET-Lifts-Cairo-Egypt?o=194&l=sp&t=sj&a=None|search-v3|hpb
Onboarding Specialist (Alex),Majorel Egypt -,"Alexandria, Egypt",Full TimeEntry Level  0 - 1 Yrs of Exp  Administration  Human Resources  Onboarding  Human Resources  HR  Human Resources (HR)  Microsoft Office,1 month ago,https://wuzzuf.net/jobs/p/DwPodMbZymK6-Onboarding-Specialist-Alex-Majorel-Egypt-Alexandria-Egypt?o=195&l=sp&t=sj&a=None|search-v3|hpb
Software Team Leader  PHP,CrossWorkers -,"New Cairo, Cairo, Egypt",Full TimeManager  6+ Yrs of Exp  IT/Software Development  Engineering - Telecom/Technology  PHP  MySQL  HTML  MVC  Design Patterns  HTML5  CSS  Laravel,1 month ago,https://wuzzuf.net/jobs/p/XM9PuvzFOJSX-Software-Team-Leader--PHP-CrossWorkers-Cairo-Egypt?o=196&l=sp&t=sj&a=None|search-v3|hpb
Technical Support Senior Specialist,Masria Digital Payment (MDP) -,"10th of Ramadan City, Cairo, Egypt",Full TimeExperienced  3 - 5 Yrs of Exp  Installation/Maintenance/Repair  IT/Software Development  Engineering - Telecom/Technology  Information Technology (IT)  Technical Support  Communication skills  Computer Hardware  Installation  Maintenance  Software,1 month ago,https://wuzzuf.net/jobs/p/dI2wwjmamV9d-Technical-Support-Senior-Specialist-Masria-Digital-Payment-MDP-Cairo-Egypt?o=197&l=sp&t=sj&a=None|search-v3|hpb
Electrical Quality Control Engineer,Amer Vision Group -,"Sheraton, Cairo, Egypt",Full TimeExperienced  5 - 6 Yrs of Exp  Quality  Engineering - Mechanical/Electrical  Construction  Electrical  Engineering  Management  QC  quality  Quality Assurance  Quality Control,1 month ago,https://wuzzuf.net/jobs/p/r7CixYBVDtMq-Electrical-Quality-Control-Engineer-Amer-Vision-Group-Cairo-Egypt?o=198&l=sp&t=sj&a=None|search-v3|hpb
Quality Control Manager,MB for Engineering -,"Alsadat City, Monufya, Egypt",Full TimeManager  5+ Yrs of Exp  Quality  Engineering  Control  quality  Quality Control  Manager  ISO  ISO 9001  Manufacturing  Quality Assurance,1 month ago,https://wuzzuf.net/jobs/p/aLQ2M4P6LPNi-Quality-Control-Manager-MB-for-Engineering-Monufya-Egypt?o=199&l=sp&t=sj&a=None|search-v3|hpb
Senior Software Quality Control Tester - Alexandria ONLY,NetEra -,"San Stefano, Alexandria, Egypt",Full TimeExperienced  3 - 5 Yrs of Exp  IT/Software Development  Quality  Engineering - Telecom/Technology  Software Testing  Game Testing  Software Development  Games  Software  Quality Control  Computer Science,1 month ago,https://wuzzuf.net/jobs/p/CRKgYdtzB8Di-Senior-Software-Quality-Control-Tester---Alexandria-ONLY-NetEra-Alexandria-Egypt?o=200&l=sp&t=sj&a=None|search-v3|hpb
Freelance English Content Writer,Vijua -,"6th of October, Giza, Egypt",Freelance / ProjectWork From HomeExperienced  2+ Yrs of Exp  Writing/Editorial  Marketing/PR/Advertising  Media/Journalism/Publishing  Digital Marketing  Writing  Content  Content Writing  SEO  Content Editing  English writing,1 month ago,https://wuzzuf.net/jobs/p/q3FEqWBCPpXx-Freelance-English-Content-Writer-Vijua-Giza-Egypt?o=201&l=sp&t=sj&a=None|search-v3|hpb
School Principal Assistant,Sama International College -,"Shorouk City, Cairo, Egypt",Full TimeExperienced  1 - 3 Yrs of Exp  Administration  Customer Service/Support  Education/Teaching  Education  Computer Skills  American school  Administration  English,1 month ago,https://wuzzuf.net/jobs/p/tzIs75mzyrTB-School-Principal-Assistant-Sama-International-College-Cairo-Egypt?o=202&l=sp&t=sj&a=None|search-v3|hpb
Tour Operator - Quotation Management Officer,Seera Group -,"Mohandessin, Giza, Egypt",Full TimeExperienced  1 - 3 Yrs of Exp  Customer Service/Support  Sales/Retail  Tourism/Travel  Customer Service  Management  Tourism  Travel  Aviation  tour operator  Customer Support,1 month ago,https://wuzzuf.net/jobs/p/RcEXsVpMcvOw-Tour-Operator---Quotation-Management-Officer-Seera-Group-Giza-Egypt?o=203&l=sp&t=sj&a=None|search-v3|hpb
Receivable Accountant,IRSC -,"Mokattam, Cairo, Egypt",Full TimeExperienced  3 - 5 Yrs of Exp  Accounting/Finance  Finance  Accounting  Accounts Receivable  English  Financial Analysis  Math Skills  Microsoft Excel  Communication Skills  Communication,1 month ago,https://wuzzuf.net/jobs/p/JO75FCC73uYi-Receivable-Accountant-IRSC-Cairo-Egypt?o=204&l=sp&t=sj&a=None|search-v3|hpb
.Net Team Leader,CrossWorkers -,"New Cairo, Cairo, Egypt",Full TimeManager  6+ Yrs of Exp  IT/Software Development  Engineering - Telecom/Technology  C#  .Net Framework  blazor  Computer Science  Development  Engineering  Information Technology (IT)  Programming,1 month ago,https://wuzzuf.net/jobs/p/38Qb7ZMWV0O6-Net-Team-Leader-CrossWorkers-Cairo-Egypt?o=205&l=sp&t=sj&a=None|search-v3|hpb
Production & Planning Engineer - Furniture factory,Good Wood -,"Alsadat City, Monufya, Egypt",Full TimeExperienced  7 - 10 Yrs of Exp  Manufacturing/Production  Planning  Procurement  Manufacturing,1 month ago,https://wuzzuf.net/jobs/p/9Rb6Hq0pulMd-Production-Planning-Engineer---Furniture-factory-Good-Wood-Monufya-Egypt?o=206&l=sp&t=sj&a=None|search-v3|hpb
Stock Keeper,LAZARO SCENT  -,"Smouha, Alexandria, Egypt",Full TimeExperienced  2 - 5 Yrs of Exp  Logistics/Supply Chain  inventory  Warehouse  Communication skills  Inventory software  MS Office  Supply Chain,1 month ago,https://wuzzuf.net/jobs/p/VNwBRU0Qi1ri-Stock-Keeper-LAZARO-SCENT-Alexandria-Egypt?o=207&l=sp&t=sj&a=None|search-v3|hpb
Call Center Agent - Medical,Confidential -,"6th of October, Giza, Egypt",Full TimeEntry Level  1 - 2 Yrs of Exp  Customer Service/Support  Customer Service  Communication skills  Customer Support  Customer Care  Call Center  Communication  Problem Solving  Skills  English,1 month ago,https://wuzzuf.net/jobs/p/J5hkGsyQZsrl-Call-Center-Agent---Medical-Giza-Egypt?o=208&l=sp&t=sj&a=None|search-v3|hpb
Senior Full Stack Developer - (.Net Core + Angular),CrossWorkers -,"New Cairo, Cairo, Egypt",Full TimeExperienced  4 - 6 Yrs of Exp  IT/Software Development  Engineering - Telecom/Technology  Angular  CSS3  HTML5  JavaScript  Angular 8+  Typescript  Bootstrap  .Net Framework,1 month ago,https://wuzzuf.net/jobs/p/AozERG25YzJI-Senior-Full-Stack-Developer---Net-Core-Angular-CrossWorkers-Cairo-Egypt?o=209&l=sp&t=sj&a=None|search-v3|hpb
Senior Full Stack Developer - (.Net Core & ReactJS),CrossWorkers -,"New Cairo, Cairo, Egypt",Full TimeExperienced  4 - 6 Yrs of Exp  IT/Software Development  .net core  Microsoft .NET  JavaScript  Typescript  React js  MVC  SQL  Testing  Computer Science,1 month ago,https://wuzzuf.net/jobs/p/njV8pXrZ6LYt-Senior-Full-Stack-Developer---Net-Core-ReactJS-CrossWorkers-Cairo-Egypt?o=210&l=sp&t=sj&a=None|search-v3|hpb
Senior Software Developer - C++,CrossWorkers -,"New Cairo, Cairo, Egypt",Full TimeExperienced  4+ Yrs of Exp  IT/Software Development  Engineering - Telecom/Technology  C++  Image Processing  OpenCV  Linux  Kotlin  iOS  Android  Computer Vision,1 month ago,https://wuzzuf.net/jobs/p/nmgs8cmuhfY0-Senior-Software-Developer---C-CrossWorkers-Cairo-Egypt?o=211&l=sp&t=sj&a=None|search-v3|hpb
Senior It Site Support,New Marina Plast -,"Bourj Alarab, Alexandria, Egypt",Full TimeExperienced  4 - 7 Yrs of Exp  Installation/Maintenance/Repair  IT/Software Development  Information Technology (IT)  Computer Science  Networking  Computer Hardware  Configuration  Customer Service  Customer Support  Installation,1 month ago,https://wuzzuf.net/jobs/p/isB5qL9j7d4b-Senior-It-Site-Support-New-Marina-Plast-Alexandria-Egypt?o=212&l=sp&t=sj&a=None|search-v3|hpb
General Accountant,Gila Electric -,"New Cairo, Cairo, Egypt",Full TimeExperienced  3+ Yrs of Exp  Accounting/Finance  Banking  Accounting  Finance  Financial Analysis  excel  Financial Management  word  Financial Reports  Statement,1 month ago,https://wuzzuf.net/jobs/p/zN6sBPlW0SFS-General-Accountant-Gila-Electric-Cairo-Egypt?o=213&l=sp&t=sj&a=None|search-v3|hpb
Technical Support Specialist (Helpdesk),DYNINNO Egypt -,"6th of October, Giza, Egypt",Full TimeExperienced  3 - 6 Yrs of Exp  IT/Software Development  Engineering - Telecom/Technology  IT  HelpDesk  Management  English  Communication skills  Communication  Technical Support  IT Service Management,1 month ago,https://wuzzuf.net/jobs/p/BAQECooeqGk0-Technical-Support-Specialist-Helpdesk-DYNINNO-Egypt-Giza-Egypt?o=214&l=sp&t=sj&a=None|search-v3|hpb
Senior Sales Chemical Engineer,Tayseer Chemicals  -,"Riyadh, Saudi Arabia",Full TimeExperienced  2+ Yrs of Exp  males_only  Sales/Retail  Engineering - Oil & Gas/Energy  Engineering - Other  Chemical engineer  Sales  Fertilizers  Chemicals  Water Treatment  Engineering  sales skills,1 month ago,https://wuzzuf.net/jobs/p/59W9U6rwFV40-Senior-Sales-Chemical-Engineer-Tayseer-Chemicals-Riyadh-Saudi-Arabia?o=215&l=sp&t=sj&a=None|search-v3|hpb
Quality Engineer,EGY TRADE -,"Alexandria, Egypt",Full TimeExperienced  3 - 5 Yrs of Exp  Manufacturing/Production  Quality  Engineering - Other  Engineering  Manufacturing  Mechanical  MS Office  Production  quality  Quality Assurance,1 month ago,https://wuzzuf.net/jobs/p/EguKguZZnw4s-Quality-Engineer-EGY-TRADE-Alexandria-Egypt?o=216&l=sp&t=sj&a=None|search-v3|hpb
Quality Engineer - Giza,SE Wiring Systems EGYPT -,"6th of October, Giza, Egypt",Full TimeEntry Level  0 - 1 Yrs of Exp  Manufacturing/Production  Quality  Engineering - Other  Engineering  quality  Quality Assurance  Quality Control  Science,1 month ago,https://wuzzuf.net/jobs/p/knurGyRs5REz-Quality-Engineer---Giza-SE-Wiring-Systems-EGYPT-Giza-Egypt?o=217&l=sp&t=sj&a=None|search-v3|hpb
Senior BMS/ELV/ICT Sales Engineer,Integrated Technics -,"Maadi, Cairo, Egypt",Full TimeExperienced  5 - 10 Yrs of Exp  Sales/Retail  Engineering - Mechanical/Electrical  BMS  CCTV  Electrical Engineering  ELV  Engineering  Sales  ICT  sales skills,2 months ago,https://wuzzuf.net/jobs/p/keYhte2jAw5u-Senior-BMSELVICT-Sales-Engineer-Integrated-Technics-Cairo-Egypt?o=218&l=sp&t=sj&a=None|search-v3|hpb
Collection Manager,AlGammal Contracting -,"Katameya, Cairo, Egypt",Full TimeManager  7 - 10 Yrs of Exp  Accounting/Finance  Customer Service/Support  Operations/Management  Management  Communication  sales skills  Leadership  Finance  Financial Management  Accounting,1 month ago,https://wuzzuf.net/jobs/p/C2JU1QbcNVab-Collection-Manager-AlGammal-Contracting-Cairo-Egypt?o=219&l=sp&t=sj&a=None|search-v3|hpb
Nurse Specialist - Giza,Zewail City -,"6th of October, Giza, Egypt",Full TimeExperienced  3+ Yrs of Exp  Medical/Healthcare  Healthcare  Nursing  ICU  English  Arabic  Medical  Problem Solving  CPHQ  Clinic,2 months ago,https://wuzzuf.net/jobs/p/S6AoKQqdRBQo-Nurse-Specialist---Giza-Zewail-City-Giza-Egypt?o=220&l=sp&t=sj&a=None|search-v3|hpb
HSE Supervisor - Ain Sokhna,Confidential -,"Ain Sokhna, Suez, Egypt",Full TimeManager  5 - 7 Yrs of Exp  Operations/Management  Quality  Engineering - Other  HSE  Engineering  Safety Management  English  FMCG  Health & Safety  SAP,1 month ago,https://wuzzuf.net/jobs/p/y1EHsz229DEY-HSE-Supervisor---Ain-Sokhna-Suez-Egypt?o=221&l=sp&t=sj&a=None|search-v3|hpb
Quality Control Engineer- Bakery & Pastry,Confidential -,"New Cairo, Cairo, Egypt",Full TimeExperienced  2 - 5 Yrs of Exp  R&D/Science  Quality  Engineering - Other  Quality Control  Quality Assurance  Telesales  Communication Skills  Quality  QA  Microsoft Office,1 month ago,https://wuzzuf.net/jobs/p/rPk3ZngIkqpI-Quality-Control-Engineer--Bakery-Pastry-Cairo-Egypt?o=222&l=sp&t=sj&a=None|search-v3|hpb
Senior Java Developer,eVision -,"New Cairo, Cairo, Egypt",Full TimeExperienced  3+ Yrs of Exp  IT/Software Development  Engineering - Telecom/Technology  Java  Information Technology (IT)  Computer Science  Software Development  SQL  J2EE  Jira  Information Technology,2 months ago,https://wuzzuf.net/jobs/p/rDmB7BtS9feH-Senior-Java-Developer-eVision-Cairo-Egypt?o=223&l=sp&t=sj&a=None|search-v3|hpb
Store Keeper,Confidential -,"10th of Ramadan City, Sharqia, Egypt",Full TimeExperienced  3 - 5 Yrs of Exp  Logistics/Supply Chain  MS Office  Store Keeping  Supply Chain  Warehousing  store  Logistics,1 month ago,https://wuzzuf.net/jobs/p/DzDIYTntBZoj-Store-Keeper-Sharqia-Egypt?o=224&l=sp&t=sj&a=None|search-v3|hpb
"Full Stack Developer (PHP, Laravel, Next JS)",Keswa -,"Nasr City, Cairo, Egypt",Full TimeExperienced  3 - 5 Yrs of Exp  IT/Software Development  CSS  HTML  JavaScript  jQuery  MySQL  PHP  Next.js  React.js  Laravel,2 months ago,https://wuzzuf.net/jobs/p/sGJDsbVyR1qc-Full-Stack-Developer-PHP-Laravel-Next-JS-Keswa-Cairo-Egypt?o=225&l=sp&t=sj&a=None|search-v3|hpb
Sourcing Engineer,Chint Egemac -,"6th of October, Giza, Egypt",Full TimeEntry Level  1 - 3 Yrs of Exp  Logistics/Supply Chain  Purchasing/Procurement  Engineering - Mechanical/Electrical  Sourcing Engineering  Purchasing  Supply Chain  Planning  Microsoft Programs  English  Engineering,1 month ago,https://wuzzuf.net/jobs/p/hZLMbhszFSSi-Sourcing-Engineer-Chint-Egemac-Giza-Egypt?o=226&l=sp&t=sj&a=None|search-v3|hpb
Sr. Testing (Automation) Engineer,MTS -,"Heliopolis, Cairo, Egypt",Full TimeExperienced  3 - 6 Yrs of Exp  IT/Software Development  Quality  Engineering - Telecom/Technology  Automation  Automation Testing  Computer Science  Engineering  Selenium  Programming  Testing,2 months ago,https://wuzzuf.net/jobs/p/eRcCFn9CxL8p-Sr-Testing-Automation-Engineer-MTS-Cairo-Egypt?o=227&l=sp&t=sj&a=None|search-v3|hpb
Implementation Specialist,Mastercard -,"Cairo, Egypt",Full TimeExperienced  1+ Yrs of Exp  Customer Service/Support  IT/Software Development  Implementation  Information Technology (IT)  Information technology,1 month ago,https://wuzzuf.net/jobs/p/llp5RH9dV0sy-Implementation-Specialist-Mastercard-Cairo-Egypt?o=228&l=sp&t=sj&a=None|search-v3|hpb
Store Keeper,Ahram Security Group -,"10th of Ramadan City, Sharqia, Egypt",Full TimeExperienced  3 - 5 Yrs of Exp  Logistics/Supply Chain  Inventory Management  Manufacturing  Supply Chain  Warehousing  Store Keeping  Logistics  Inventory Control,1 month ago,https://wuzzuf.net/jobs/p/eQSukYc0SBNi-Store-Keeper-Ahram-Security-Group-Sharqia-Egypt?o=229&l=sp&t=sj&a=None|search-v3|hpb
Junior Ruby on Rails,FlairsTech -,"Cairo, Egypt",Full TimeEntry Level  1 - 2 Yrs of Exp  IT/Software Development  Engineering - Telecom/Technology  Information Technology (IT)  ROR  Python  Computer Science  Ruby on Rails,1 month ago,https://wuzzuf.net/jobs/p/ECsrxdltyiv2-Junior-Ruby-on-Rails-FlairsTech-Cairo-Egypt?o=230&l=sp&t=sj&a=None|search-v3|hpb
Senior Legal Affairs Specialist,Macro Group -,"Sheraton, Cairo, Egypt",Full TimeExperienced  5 - 7 Yrs of Exp  Legal  Communication  Legal  Legal Affairs  Law,1 month ago,https://wuzzuf.net/jobs/p/p5jp6rTBpjNn-Senior-Legal-Affairs-Specialist-Macro-Group-Cairo-Egypt?o=231&l=sp&t=sj&a=None|search-v3|hpb
Front-End Software Engineer,Eden Solutions -,"Heliopolis, Cairo, Egypt",Full TimeExperienced  2+ Yrs of Exp  IT/Software Development  Engineering - Telecom/Technology  Software Development  Typescript  Computer Science  Information Technology (IT)  Software Engineering  Front-End Development  HTML  CSS,1 month ago,https://wuzzuf.net/jobs/p/wW4BkeKAIaeG-Front-End-Software-Engineer-Eden-Solutions-Cairo-Egypt?o=232&l=sp&t=sj&a=None|search-v3|hpb
Senior Cloud Engineer,Global Brands -,"New Cairo, Cairo, Egypt",Full TimeExperienced  3+ Yrs of Exp  IT/Software Development  Engineering - Telecom/Technology  Automation  Azure  Cloud  AWS  Security  SQL  Computer Science,2 months ago,https://wuzzuf.net/jobs/p/uVtrrr3AWj8q-Senior-Cloud-Engineer-Global-Brands-Cairo-Egypt?o=233&l=sp&t=sj&a=None|search-v3|hpb
Database Administrator,CYSHIELD -,"Sheraton, Cairo, Egypt",Full TimeExperienced  3 - 5 Yrs of Exp  Installation/Maintenance/Repair  IT/Software Development  Engineering - Telecom/Technology  Backup  Computer Science  Database  Configuration  Engineering  Information Technology (IT)  MongoDB,2 months ago,https://wuzzuf.net/jobs/p/cz9jWvAx4SZf-Database-Administrator-CYSHIELD-Cairo-Egypt?o=234&l=sp&t=sj&a=None|search-v3|hpb
Back-End Software Engineer,Eden Solutions -,"Heliopolis, Cairo, Egypt",Full TimeExperienced  2+ Yrs of Exp  IT/Software Development  Engineering - Telecom/Technology  Docker  Software Development  MongoDB  RESTful  Typescript  NoSQL  SQL  AWS,1 month ago,https://wuzzuf.net/jobs/p/9WxyuVijD3ss-Back-End-Software-Engineer-Eden-Solutions-Cairo-Egypt?o=235&l=sp&t=sj&a=None|search-v3|hpb
Senior Biomedical Maintenance Engineer (Medical Devices),Ghalioungui  -,"Mokattam, Cairo, Egypt",Full TimeEntry Level  1 - 6 Yrs of Exp  Installation/Maintenance/Repair  Engineering - Other  Biomedical Engineering  Biomedical  Electronics  Communication  Communication skills  Medical Devices  sales skills  Engineering,1 month ago,https://wuzzuf.net/jobs/p/cmnClMx53Pm0-Senior-Biomedical-Maintenance-Engineer-Medical-Devices-Ghalioungui-Cairo-Egypt?o=236&l=sp&t=sj&a=None|search-v3|hpb
Maintenance Supervisor (Medical Devices),Ghalioungui  -,"Mokattam, Cairo, Egypt",Full TimeManager  4 - 5 Yrs of Exp  Installation/Maintenance/Repair  Engineering - Mechanical/Electrical  Biomedical  Maintenance  Electrical Engineering  Mechanical Engineering  Engineering  Medical,1 month ago,https://wuzzuf.net/jobs/p/4KgDhlBl0Lc5-Maintenance-Supervisor-Medical-Devices-Ghalioungui-Cairo-Egypt?o=237&l=sp&t=sj&a=None|search-v3|hpb
Quality Assurance Manager,Red Sea Pipes  -,"6th of October, Giza, Egypt",Full TimeManager  5 - 8 Yrs of Exp  males_only  Manufacturing/Production  Quality  Manager  Quality Assurance  Analysis  Data Analysis  Microsoft Office  QA  Quality Control  Testing,1 month ago,https://wuzzuf.net/jobs/p/2COAeELXHDNn-Quality-Assurance-Manager-Red-Sea-Pipes-Giza-Egypt?o=238&l=sp&t=sj&a=None|search-v3|hpb
Learning & Development Supervisor (Food & Beverage),Confidential -,"6th of October, Giza, Egypt",Full TimeManager  5+ Yrs of Exp  Human Resources  Operations/Management  Training  HACCP  Food Safety  Quality Control  Quality Assurance  Food Services  Hospitality  Food,1 month ago,https://wuzzuf.net/jobs/p/eAl9srQWg6eO-Learning-Development-Supervisor-Food-Beverage-Giza-Egypt?o=239&l=sp&t=sj&a=None|search-v3|hpb
Assistant Store Manager - Fashion Brand,Azadea Group -,"New Cairo, Cairo, Egypt",Full TimeExperienced  2 - 3 Yrs of Exp  Administration  Sales/Retail  Fashion  Customer Service  Customer Care  Customer Support  Store Management  Management  Microsoft Office  Sales,1 month ago,https://wuzzuf.net/jobs/p/4wwGZHOpQ9yL-Assistant-Store-Manager---Fashion-Brand-Azadea-Group-Cairo-Egypt?o=240&l=sp&t=sj&a=None|search-v3|hpb
Assistant Store Manager - Stradivarius,Azadea Group -,"Madinaty, Cairo, Egypt",Full TimeExperienced  2 - 3 Yrs of Exp  Administration  Sales/Retail  Fashion  Customer Service  Customer Care  Customer Support  Store Management  Management  Microsoft Office  Sales,1 month ago,https://wuzzuf.net/jobs/p/QurLOaUrgCiy-Assistant-Store-Manager---Stradivarius-Azadea-Group-Cairo-Egypt?o=241&l=sp&t=sj&a=None|search-v3|hpb
Software Tester,Namaa IT -,"New Cairo, Cairo, Egypt",Full TimeExperienced  2+ Yrs of Exp  IT/Software Development  Quality  Engineering - Telecom/Technology  Information Technology (IT)  Computer Science  Software Testing  Quality Control  Testing  Automation  Performance,2 months ago,https://wuzzuf.net/jobs/p/lVaF3vS1W1AK-Software-Tester-Namaa-IT-Cairo-Egypt?o=242&l=sp&t=sj&a=None|search-v3|hpb
Occupational Health and Safety Officer,3Brothers -,"10th of Ramadan City, Cairo, Egypt",Full TimeEntry Level  1 - 3 Yrs of Exp  Medical/Healthcare  First Aid  Health  Health &amp; Safety  ISO  Communication  Safety  Communication skills  Engineering  English,2 months ago,https://wuzzuf.net/jobs/p/JO2x4ynIcWqD-Occupational-Health-and-Safety-Officer-3Brothers-Cairo-Egypt?o=243&l=sp&t=sj&a=None|search-v3|hpb
Quality Control Architect Engineer,First Group -,"6th of October, Giza, Egypt",Full TimeExperienced  8 - 12 Yrs of Exp  Engineering - Construction/Civil/Architecture  Quality  Computer Skills  Construction  Quality Control  Engineering  Skills  Communication skills  Communication  computer,1 month ago,https://wuzzuf.net/jobs/p/r1iJvpu1Mshw-Quality-Control-Architect-Engineer-First-Group-Giza-Egypt?o=244&l=sp&t=sj&a=None|search-v3|hpb
Corporate Lawyer,Dafa -,"Haram, Giza, Egypt",Full TimeExperienced  2 - 4 Yrs of Exp  Administration  Legal  Operations/Management  Corporate Law  IPS  Arabic  Commercial Law  Communication  Communication skills  English,1 month ago,https://wuzzuf.net/jobs/p/DHHVLogOrULo-Corporate-Lawyer-Dafa-Giza-Egypt?o=245&l=sp&t=sj&a=None|search-v3|hpb
